-- --------------------------------------------------------
-- Máy chủ:                      127.0.0.1
-- Server version:               11.6.2-MariaDB - mariadb.org binary distribution
-- Server OS:                    Win64
-- HeidiSQL Phiên bản:           12.8.0.6908
-- --------------------------------------------------------

/*!40101 SET @OLD_CHARACTER_SET_CLIENT=@@CHARACTER_SET_CLIENT */;
/*!40101 SET NAMES utf8 */;
/*!50503 SET NAMES utf8mb4 */;
/*!40103 SET @OLD_TIME_ZONE=@@TIME_ZONE */;
/*!40103 SET TIME_ZONE='+00:00' */;
/*!40014 SET @OLD_FOREIGN_KEY_CHECKS=@@FOREIGN_KEY_CHECKS, FOREIGN_KEY_CHECKS=0 */;
/*!40101 SET @OLD_SQL_MODE=@@SQL_MODE, SQL_MODE='NO_AUTO_VALUE_ON_ZERO' */;
/*!40111 SET @OLD_SQL_NOTES=@@SQL_NOTES, SQL_NOTES=0 */;


-- Dumping database structure for ql_datphong
CREATE DATABASE IF NOT EXISTS `ql_datphong` /*!40100 DEFAULT CHARACTER SET utf8mb4 COLLATE utf8mb4_unicode_ci */;
USE `ql_datphong`;

-- Dumping structure for table ql_datphong.account
CREATE TABLE IF NOT EXISTS `account` (
  `account_id` bigint(20) NOT NULL AUTO_INCREMENT,
  `password` varchar(255) DEFAULT NULL,
  `role` enum('ADMIN','APPROVER','USER') DEFAULT NULL,
  `user_name` varchar(255) DEFAULT NULL,
  `is_first_login` bit(1) NOT NULL,
  PRIMARY KEY (`account_id`)
) ENGINE=InnoDB AUTO_INCREMENT=36 DEFAULT CHARSET=utf8mb4 COLLATE=utf8mb4_unicode_ci;

-- Dumping data for table ql_datphong.account: ~31 rows (approximately)
INSERT INTO `account` (`account_id`, `password`, `role`, `user_name`, `is_first_login`) VALUES
	(1, '$2a$10$iSmcTxu66e5L5.xDINKGTO/z87cOLfmSSoievyYe1zqdKLdUrwvkK', 'APPROVER', '0914653334', b'0'),
	(2, '$2a$10$QUe48S5mHlSHAtrEZyLJV.9GIlAUzCt0NfRr63a10J4ftM0N9h0hu', 'ADMIN', '0798553184', b'0'),
	(3, '$2a$10$QUe48S5mHlSHAtrEZyLJV.9GIlAUzCt0NfRr63a10J4ftM0N9h0hu', 'USER', '0914653332', b'0'),
	(4, '$2a$10$QUe48S5mHlSHAtrEZyLJV.9GIlAUzCt0NfRr63a10J4ftM0N9h0hu', 'APPROVER', '0914653331', b'0'),
	(6, '$2a$10$QUe48S5mHlSHAtrEZyLJV.9GIlAUzCt0NfRr63a10J4ftM0N9h0hu', 'APPROVER', '0914653221', b'0'),
	(7, '$2a$10$QUe48S5mHlSHAtrEZyLJV.9GIlAUzCt0NfRr63a10J4ftM0N9h0hu', 'APPROVER', '0914652221', b'0'),
	(8, '$2a$10$QUe48S5mHlSHAtrEZyLJV.9GIlAUzCt0NfRr63a10J4ftM0N9h0hu', 'APPROVER', '0912652221', b'0'),
	(9, '$2a$10$QUe48S5mHlSHAtrEZyLJV.9GIlAUzCt0NfRr63a10J4ftM0N9h0hu', 'USER', '0912672221', b'0'),
	(10, '$2a$10$QUe48S5mHlSHAtrEZyLJV.9GIlAUzCt0NfRr63a10J4ftM0N9h0hu', 'USER', '0912672921', b'0'),
	(11, '$2a$10$QUe48S5mHlSHAtrEZyLJV.9GIlAUzCt0NfRr63a10J4ftM0N9h0hu', 'USER', '0919672921', b'0'),
	(12, '$2a$10$QUe48S5mHlSHAtrEZyLJV.9GIlAUzCt0NfRr63a10J4ftM0N9h0hu', 'USER', '0919642921', b'0'),
	(15, '$2a$10$QUe48S5mHlSHAtrEZyLJV.9GIlAUzCt0NfRr63a10J4ftM0N9h0hu', 'USER', '0714653334', b'0'),
	(16, '$2a$10$QUe48S5mHlSHAtrEZyLJV.9GIlAUzCt0NfRr63a10J4ftM0N9h0hu', 'USER', '0147152369', b'0'),
	(17, '$2a$10$QUe48S5mHlSHAtrEZyLJV.9GIlAUzCt0NfRr63a10J4ftM0N9h0hu', 'USER', '0147852457', b'0'),
	(18, '$2a$10$QUe48S5mHlSHAtrEZyLJV.9GIlAUzCt0NfRr63a10J4ftM0N9h0hu', 'USER', '0147852475', b'0'),
	(19, '$2a$10$QUe48S5mHlSHAtrEZyLJV.9GIlAUzCt0NfRr63a10J4ftM0N9h0hu', 'USER', '0914654257', b'0'),
	(20, '$2a$10$QUe48S5mHlSHAtrEZyLJV.9GIlAUzCt0NfRr63a10J4ftM0N9h0hu', 'USER', '0147852421', b'0'),
	(21, '$2a$10$QUe48S5mHlSHAtrEZyLJV.9GIlAUzCt0NfRr63a10J4ftM0N9h0hu', 'USER', '0934707412', b'0'),
	(22, '$2a$10$QUe48S5mHlSHAtrEZyLJV.9GIlAUzCt0NfRr63a10J4ftM0N9h0hu', 'USER', '0914653783', b'0'),
	(23, '$2a$10$QUe48S5mHlSHAtrEZyLJV.9GIlAUzCt0NfRr63a10J4ftM0N9h0hu', 'USER', '0914653112', b'0'),
	(24, '$2a$10$QUe48S5mHlSHAtrEZyLJV.9GIlAUzCt0NfRr63a10J4ftM0N9h0hu', 'USER', '0914657534', b'0'),
	(25, '$2a$10$QUe48S5mHlSHAtrEZyLJV.9GIlAUzCt0NfRr63a10J4ftM0N9h0hu', 'USER', '0147852374', b'0'),
	(26, '$2a$10$QUe48S5mHlSHAtrEZyLJV.9GIlAUzCt0NfRr63a10J4ftM0N9h0hu', 'USER', '0914653335', b'0'),
	(27, '$2a$10$QUe48S5mHlSHAtrEZyLJV.9GIlAUzCt0NfRr63a10J4ftM0N9h0hu', 'USER', '0914653754', b'0'),
	(28, '$2a$10$QUe48S5mHlSHAtrEZyLJV.9GIlAUzCt0NfRr63a10J4ftM0N9h0hu', 'USER', '0734707412', b'0'),
	(30, '$2a$10$QUe48S5mHlSHAtrEZyLJV.9GIlAUzCt0NfRr63a10J4ftM0N9h0hu', 'USER', '0734654587', b'0'),
	(31, '$2a$10$QUe48S5mHlSHAtrEZyLJV.9GIlAUzCt0NfRr63a10J4ftM0N9h0hu', 'ADMIN', '0934707416', b'0'),
	(32, '$2a$10$QUe48S5mHlSHAtrEZyLJV.9GIlAUzCt0NfRr63a10J4ftM0N9h0hu', 'USER', '0714653321', b'0'),
	(33, '$2a$10$QUe48S5mHlSHAtrEZyLJV.9GIlAUzCt0NfRr63a10J4ftM0N9h0hu', 'USER', '0794707412', b'0'),
	(34, '$2a$10$O9rLby47Z/0ZbhHURYx9MuOtQ6SeigcLaSFw0RInEVXBmTktXBNwi', 'USER', '0934704741', b'1'),
	(35, '$2a$10$e7R0iq1RXyQ8D15.WOA2aO8lVsIvXo1KdLt82kQLqTEcVpdqUCWqa', 'USER', '0914653214', b'0');

-- Dumping structure for table ql_datphong.branch
CREATE TABLE IF NOT EXISTS `branch` (
  `branch_id` bigint(20) NOT NULL AUTO_INCREMENT,
  `branch_name` varchar(255) DEFAULT NULL,
  PRIMARY KEY (`branch_id`)
) ENGINE=InnoDB AUTO_INCREMENT=11 DEFAULT CHARSET=utf8mb4 COLLATE=utf8mb4_unicode_ci;

-- Dumping data for table ql_datphong.branch: ~10 rows (approximately)
INSERT INTO `branch` (`branch_id`, `branch_name`) VALUES
	(1, 'TP. Hồ Chí Minh'),
	(2, 'Hà Nội'),
	(3, 'Đà Nẵng'),
	(4, 'Hòa Bình'),
	(5, 'Cần Thơ'),
	(6, 'Tây Ninh'),
	(7, 'Vũng Tàu'),
	(8, 'Hạ Long'),
	(9, 'Nha Trang'),
	(10, 'Bạc Liêu');

-- Dumping structure for table ql_datphong.building
CREATE TABLE IF NOT EXISTS `building` (
  `building_id` bigint(20) NOT NULL AUTO_INCREMENT,
  `building_name` varchar(255) DEFAULT NULL,
  `branch_id` bigint(20) DEFAULT NULL,
  PRIMARY KEY (`building_id`),
  KEY `FKm5b5l1b9f611y750y6uegr4kx` (`branch_id`),
  CONSTRAINT `FKm5b5l1b9f611y750y6uegr4kx` FOREIGN KEY (`branch_id`) REFERENCES `branch` (`branch_id`)
) ENGINE=InnoDB AUTO_INCREMENT=18 DEFAULT CHARSET=utf8mb4 COLLATE=utf8mb4_unicode_ci;

-- Dumping data for table ql_datphong.building: ~17 rows (approximately)
INSERT INTO `building` (`building_id`, `building_name`, `branch_id`) VALUES
	(1, 'A', 1),
	(2, 'B', 1),
	(3, 'C', 1),
	(4, 'D', 1),
	(5, 'E', 1),
	(6, 'A', 2),
	(7, 'B', 2),
	(8, 'C', 2),
	(9, 'D', 2),
	(10, 'E', 2),
	(11, 'A', 3),
	(12, 'B', 3),
	(13, 'C', 3),
	(14, 'D', 3),
	(15, 'F', 1),
	(16, 'A', 6),
	(17, 'B', 6);

-- Dumping structure for table ql_datphong.cancel_reservation
CREATE TABLE IF NOT EXISTS `cancel_reservation` (
  `cancel_id` bigint(20) NOT NULL AUTO_INCREMENT,
  `reason` varchar(255) CHARACTER SET utf8mb4 COLLATE utf8mb4_unicode_ci DEFAULT NULL,
  `time` datetime(6) DEFAULT NULL,
  PRIMARY KEY (`cancel_id`)
) ENGINE=InnoDB DEFAULT CHARSET=latin1 COLLATE=latin1_swedish_ci;

-- Dumping data for table ql_datphong.cancel_reservation: ~0 rows (approximately)

-- Dumping structure for table ql_datphong.department
CREATE TABLE IF NOT EXISTS `department` (
  `department_id` bigint(20) NOT NULL AUTO_INCREMENT,
  `dep_name` varchar(255) CHARACTER SET utf8mb4 COLLATE utf8mb4_unicode_ci DEFAULT NULL,
  `location_id` bigint(20) DEFAULT NULL,
  PRIMARY KEY (`department_id`),
  UNIQUE KEY `UKe19n7n78ppli0pc6nstem49ya` (`location_id`),
  CONSTRAINT `FKrf9pmd4xvkiuh46soainevapk` FOREIGN KEY (`location_id`) REFERENCES `location` (`location_id`)
) ENGINE=InnoDB AUTO_INCREMENT=8 DEFAULT CHARSET=latin1 COLLATE=latin1_swedish_ci;

-- Dumping data for table ql_datphong.department: ~4 rows (approximately)
INSERT INTO `department` (`department_id`, `dep_name`, `location_id`) VALUES
	(1, 'IT', 1),
	(2, 'MKT', 2),
	(3, 'TE', 3),
	(4, 'BE', 4);

-- Dumping structure for table ql_datphong.device
CREATE TABLE IF NOT EXISTS `device` (
  `device_id` bigint(20) NOT NULL AUTO_INCREMENT,
  `description` varchar(255) DEFAULT NULL,
  `device_name` varchar(255) DEFAULT NULL,
  PRIMARY KEY (`device_id`)
) ENGINE=InnoDB AUTO_INCREMENT=17 DEFAULT CHARSET=utf8mb4 COLLATE=utf8mb4_unicode_ci;

-- Dumping data for table ql_datphong.device: ~14 rows (approximately)
INSERT INTO `device` (`device_id`, `description`, `device_name`) VALUES
	(1, 'Độ phân giải từ HD đến 4K, Hỗ trợ HDMI, USB, Wi-Fi, Bluetooth', 'Máy chiếu loại 1'),
	(2, ' Có gắn nam châm để ghim tài liệu', 'Bảng trắng'),
	(3, ' Hình ảnh sắc nét, tiết kiệm điện', 'Ti vi'),
	(6, 'Khuếch đại âm thanh rõ trong phòng họp', 'Công cụ loa'),
	(7, 'macbook', 'Laptop'),
	(8, 'Độ phân giải cao, kỹ thuật tốt', 'Máy chiếu loại 2'),
	(9, 'Điều khiển slide từ xa tiện lợi', 'Remote trình chiếu'),
	(10, 'Làm mát không gian phòng họp hiệu quả', 'Điều hòa âm trần'),
	(11, 'Hiển thị hình ảnh rõ nét, sắc màu tốt', 'Màn hình LED'),
	(12, 'Thu âm rõ ràng, di chuyển linh hoạt', 'Micro không dây'),
	(13, 'Quay video cuộc họp', 'Camera hội nghị'),
	(14, 'Cung cấp nguồn cho nhiều thiết bị', 'Ổ cắm đa năng'),
	(15, 'Giảm tạp âm từ môi trường xung quanh', 'Thiết bị chống ồn'),
	(16, 'Tốt', 'Chiếu sáng');

-- Dumping structure for table ql_datphong.employee
CREATE TABLE IF NOT EXISTS `employee` (
  `employee_id` bigint(20) NOT NULL AUTO_INCREMENT,
  `avatar` varchar(255) DEFAULT NULL,
  `email` varchar(255) DEFAULT NULL,
  `employee_name` varchar(255) DEFAULT NULL,
  `is_actived` bit(1) NOT NULL,
  `phone` varchar(255) NOT NULL,
  `account_id` bigint(20) DEFAULT NULL,
  `department_id` bigint(20) DEFAULT NULL,
  PRIMARY KEY (`employee_id`),
  UNIQUE KEY `UKbuf2qp04xpwfp5qq355706h4a` (`phone`),
  UNIQUE KEY `UKlsnx7na4u8ohrhoeag7un4wh3` (`account_id`),
  KEY `FKbejtwvg9bxus2mffsm3swj3u9` (`department_id`),
  CONSTRAINT `FKbejtwvg9bxus2mffsm3swj3u9` FOREIGN KEY (`department_id`) REFERENCES `department` (`department_id`),
  CONSTRAINT `FKcfg6ajo8oske94exynxpf7tf9` FOREIGN KEY (`account_id`) REFERENCES `account` (`account_id`)
) ENGINE=InnoDB AUTO_INCREMENT=35 DEFAULT CHARSET=utf8mb4 COLLATE=utf8mb4_unicode_ci;

-- Dumping data for table ql_datphong.employee: ~30 rows (approximately)
INSERT INTO `employee` (`employee_id`, `avatar`, `email`, `employee_name`, `is_actived`, `phone`, `account_id`, `department_id`) VALUES
	(1, 'https://res.cloudinary.com/drfbxuss6/image/upload/v1747208112/okccp1ga9zqw40k087su.jpg', '1234a@gmail.com', 'Nguyễn Trọng Đạt', b'1', '0914653334', 1, 1),
	(2, 'https://chiemtaimobile.vn/images/companies/1/%E1%BA%A2nh%20Blog/avatar-facebook-dep/top-36-anh-dai-dien-dep-cho-nu/hinh-anh-avatar-cute-nu-facebook.jpg?1708402214695', 'kieu123@gmail.com', 'Thúy Kiều', b'1', '0798553184', 2, 1),
	(3, 'https://nano-ceramic.vn/wp-content/uploads/2024/12/300-hinh-anh-dai-dien-dep-cho-facebook-tiktok-zalo-78.jpg', '123@gmail.com', 'Nguyễn Gia Huy', b'1', '0914653332', 3, 1),
	(4, 'https://antimatter.vn/wp-content/uploads/2022/12/anh-avatar-facebook-vo-danh-avt-fb-cho-nu-1.jpg', '123@gmail.com', 'Lê Quang Huy', b'1', '0914653331', 4, 2),
	(5, 'https://encrypted-tbn0.gstatic.com/images?q=tbn:ANd9GcSgVh6MXV6tFmK2tMbXkn2U5OF_DdL9067R4avQN2LJgzdavNsMlL1oe6Za8eMfRaBaG4g&usqp=CAU', '123@gmail.com', 'Võ Hiếu', b'1', '0714653321', 32, 2),
	(6, 'https://encrypted-tbn0.gstatic.com/images?q=tbn:ANd9GcQb_QKVSW6hLxRMtwB6ZAgh_SHtLaSx70k491eNG8bmfNd2rCZ4Am5VGg1mvj4880EV7YA&usqp=CAU', '123@gmail.com', 'Nguyễn Thị Dung', b'1', '0914653221', 6, 2),
	(7, 'https://i.pinimg.com/564x/f6/51/63/f65163a24228b1f3d837e1df62637dc9.jpg', '123@gmail.com', 'Trần Nhật Hưng', b'1', '0914652221', 7, 2),
	(8, 'https://scr.vn/wp-content/uploads/2020/07/avt-%C4%91%E1%BA%B9p-cho-nam.jpg', '123@gmail.com', 'Nguyễn Thái Duy', b'1', '0912652221', 8, 3),
	(9, 'https://chiemtaimobile.vn/images/companies/1/%E1%BA%A2nh%20Blog/avatar-facebook-dep/Bo-suu-tap-anh-avatar-anime-nu-co-gai-bang-do-do.jpg?1704789148675', '123@gmail.com', 'Nguyễn Quang Đạt', b'1', '0912672221', 9, 3),
	(10, 'https://anhdephd.vn/wp-content/uploads/2022/10/avatar-dep-cute-nam-cam-dien-thoai-600x600.jpg', '123@gmail.com', 'Lê Thị Sáu', b'1', '0912672921', 10, 3),
	(11, 'https://anhdephd.vn/wp-content/uploads/2022/10/avatar-dep-cute-nam-che-mat-600x600.jpg', '123@gmail.com', 'Nguyễn Tấn', b'1', '0919672921', 11, 3),
	(12, 'https://anhdephd.vn/wp-content/uploads/2022/10/avatar-dep-cute-cho-con-trai-600x600.jpg', '123@gmail.com', 'Lê Bảo', b'1', '0919642921', 12, 3),
	(17, 'https://anhdephd.vn/wp-content/uploads/2022/03/anh-dai-dien-nam-phong-cach.jpg', 'dat124@gmail.com', 'Trọng Ba', b'1', '0934707416', 31, 1),
	(18, 'https://i.pinimg.com/736x/6e/af/1a/6eaf1a844ae4b6fa6eeb6ff17f468cc0.jpg', '123@gmail.com', 'Thúy Kiều', b'1', '0734654587', 30, 4),
	(19, 'https://deviet.vn/wp-content/uploads/2019/04/vuong-quoc-anh.jpg', '1234@gmail.com', 'Hạ Thiên', b'1', '0714653334', 15, 4),
	(20, 'https://res.cloudinary.com/drfbxuss6/image/upload/v1742290383/vf1r7ym5d8aq5wfg8r8y.png', '123@gmail.com', 'Lại Minh Dương', b'1', '0147152369', 16, 3),
	(21, 'https://haycafe.vn/wp-content/uploads/2021/11/anh-avatar-fb-troi-nong-de-thuong.jpg', '1235@gmail.com', 'Hàn Mặc', b'1', '0147852457', 17, 4),
	(22, 'https://i.pinimg.com/736x/6e/af/1a/6eaf1a844ae4b6fa6eeb6ff17f468cc0.jpg', '123@gmail.com', 'Kỷ Vô Phong', b'0', '0147852475', 18, 1),
	(23, 'https://chiemtaimobile.vn/images/companies/1/%E1%BA%A2nh%20Blog/avatar-facebook-dep/anh-avatar-doi-cute-bi-ban-trung-tim.jpg?1704917509025', '123@gmail.com', 'Ngô Thị Lam', b'1', '0914654257', 19, 2),
	(24, 'https://chiemtaimobile.vn/images/companies/1/%E1%BA%A2nh%20Blog/avatar-facebook-dep/anh-avatar-doi-cute-ban-tim.jpg?1704917543424', '123@gmail.com', 'Vương Thái Bình', b'0', '0147852421', 20, 1),
	(25, 'https://www.phanmemninja.com/wp-content/uploads/2023/06/avatar-facebook-doi-4.jpeg', 'dat123@gmail.com', 'Trọng Đạt', b'1', '0934707412', 21, 3),
	(26, 'https://chiemtaimobile.vn/images/companies/1/%E1%BA%A2nh%20Blog/avatar-facebook-dep/Anh-avatar-hoat-hinh-de-thuong-xinh-xan.jpg?1704788263223', '123@gmail.com', 'Khôi Nguyên', b'1', '0914653783', 22, 4),
	(27, 'https://nano-ceramic.vn/wp-content/uploads/2024/12/300-hinh-anh-dai-dien-dep-cho-facebook-tiktok-zalo-79.jpg', '123@gmail.com', 'Nguyễn Trọng Đạt', b'1', '0914653112', 23, 4),
	(28, 'https://chiemtaimobile.vn/images/companies/1/%E1%BA%A2nh%20Blog/avatar-facebook-dep/Hinh-dai-dien-hai-huoc-cam-dep-duoi-ai-do.jpg?1704789789335', '123@gmail.com', 'Văn Minh', b'1', '0914657534', 24, 4),
	(29, 'https://res.cloudinary.com/drfbxuss6/image/upload/v1742269586/dplh712llaupvzc8xp66.png', '123@gmail.com', 'Võ Tấn Dương', b'1', '0147852374', 25, 3),
	(30, 'https://res.cloudinary.com/drfbxuss6/image/upload/v1742292982/bteom8rdwnxnxq2hfout.png', 'dung123@gmail.com', 'Võ Dũng', b'1', '0914653754', 27, 3),
	(31, 'https://deviet.vn/wp-content/uploads/2019/04/vuong-quoc-anh.jpg', 'dat123@gmail.com', 'Trọng Đạt', b'1', '0734707412', 28, 1),
	(32, 'https://i.pinimg.com/564x/24/21/85/242185eaef43192fc3f9646932fe3b46.jpg', 'dat123@gmail.com', 'Trọng Đình', b'1', '0794707412', 33, 1),
	(33, 'https://res.cloudinary.com/drfbxuss6/image/upload/v1747169494/i6aa0umoukxvjgybdvrl.png', 'ghj@gmail.com', 'Bình Minh', b'1', '0934704741', 34, 2),
	(34, 'https://res.cloudinary.com/drfbxuss6/image/upload/v1747356993/ymbfwqsdmfs3tdkzuumg.png', 'binh123@gmail.com', 'Nguyễn Bình', b'1', '0914653214', 35, 4);

-- Dumping structure for table ql_datphong.location
CREATE TABLE IF NOT EXISTS `location` (
  `location_id` bigint(20) NOT NULL AUTO_INCREMENT,
  `floor` varchar(255) DEFAULT NULL,
  `building_id` bigint(20) DEFAULT NULL,
  PRIMARY KEY (`location_id`),
  KEY `FKc5g968pkh4pjgf69m88cwyx3q` (`building_id`),
  CONSTRAINT `FKc5g968pkh4pjgf69m88cwyx3q` FOREIGN KEY (`building_id`) REFERENCES `building` (`building_id`)
) ENGINE=InnoDB AUTO_INCREMENT=33 DEFAULT CHARSET=utf8mb4 COLLATE=utf8mb4_unicode_ci;

-- Dumping data for table ql_datphong.location: ~30 rows (approximately)
INSERT INTO `location` (`location_id`, `floor`, `building_id`) VALUES
	(1, '1', 1),
	(2, '1', 2),
	(3, '2', 1),
	(4, '1', 7),
	(5, '1', 11),
	(6, '2', 2),
	(7, '1', 3),
	(8, '2', 4),
	(9, '1', 4),
	(11, '3', 1),
	(12, '2', 7),
	(13, '3', 2),
	(14, '2', 3),
	(15, '3', 4),
	(16, '1', 6),
	(17, '3', 12),
	(18, '3', 5),
	(19, '1', 9),
	(20, '3', 14),
	(22, '4', 1),
	(23, '1', 2),
	(24, '1', 16),
	(25, '2', 16),
	(26, '3', 16),
	(27, '1', 15),
	(28, '2', 6),
	(29, '3', 6),
	(30, '4', 6),
	(31, '1', 17),
	(32, '2', 17);

-- Dumping structure for table ql_datphong.log
CREATE TABLE IF NOT EXISTS `log` (
  `log_id` bigint(20) NOT NULL AUTO_INCREMENT,
  `action` varchar(255) DEFAULT NULL,
  `time` datetime(6) DEFAULT NULL,
  `account_id` bigint(20) DEFAULT NULL,
  PRIMARY KEY (`log_id`),
  UNIQUE KEY `UK7vj7qw714561rssch090tw994` (`account_id`),
  CONSTRAINT `FK503ama154cr4d3cyc7741l4b7` FOREIGN KEY (`account_id`) REFERENCES `account` (`account_id`)
) ENGINE=InnoDB DEFAULT CHARSET=utf8mb4 COLLATE=utf8mb4_unicode_ci;

-- Dumping data for table ql_datphong.log: ~0 rows (approximately)

-- Dumping structure for table ql_datphong.notification
CREATE TABLE IF NOT EXISTS `notification` (
  `id` bigint(20) NOT NULL AUTO_INCREMENT,
  `created_at` datetime(6) DEFAULT NULL,
  `message` varchar(255) DEFAULT NULL,
  `is_read` bit(1) DEFAULT NULL,
  `target_id` bigint(20) DEFAULT NULL,
  `target_type` varchar(255) DEFAULT NULL,
  `type` enum('CHECKIN_REMINDER','INVITE_TO_RESERVATION','RESERVATION_CANCELLED','RESERVATION_UPDATED','APPROVAL_REQUEST','RESERVATION_REQUEST','FORGOT_CHECKIN') DEFAULT NULL,
  `employee_employee_id` bigint(20) DEFAULT NULL,
  PRIMARY KEY (`id`),
  KEY `FKlqe9ufv97bnfabl1inwbkbc1g` (`employee_employee_id`),
  CONSTRAINT `FKlqe9ufv97bnfabl1inwbkbc1g` FOREIGN KEY (`employee_employee_id`) REFERENCES `employee` (`employee_id`)
) ENGINE=InnoDB AUTO_INCREMENT=263 DEFAULT CHARSET=utf8mb4 COLLATE=utf8mb4_unicode_ci;

-- Dumping data for table ql_datphong.notification: ~262 rows (approximately)
INSERT INTO `notification` (`id`, `created_at`, `message`, `is_read`, `target_id`, `target_type`, `type`, `employee_employee_id`) VALUES
	(1, '2025-04-06 09:48:07.106517', 'Bạn được mời tham gia cuộc họp: Đánh giá 3', b'1', 93, 'reservation', 'INVITE_TO_RESERVATION', 1),
	(2, '2025-04-06 09:48:07.117491', 'Bạn được mời tham gia cuộc họp: Đánh giá 3', b'0', 93, 'reservation', 'INVITE_TO_RESERVATION', 5),
	(3, '2025-04-06 09:49:14.986371', 'Bạn được mời tham gia cuộc họp: Đánh giá 4', b'1', 94, 'reservation', 'INVITE_TO_RESERVATION', 1),
	(4, '2025-04-06 09:49:14.990961', 'Bạn được mời tham gia cuộc họp: Đánh giá 4', b'0', 94, 'reservation', 'INVITE_TO_RESERVATION', 7),
	(5, '2025-04-06 14:04:41.357766', 'Bạn được mời tham gia cuộc họp: Báo cáo KL', b'1', 43, 'reservation', 'INVITE_TO_RESERVATION', 3),
	(6, '2025-04-06 14:04:41.385728', 'Bạn được mời tham gia cuộc họp: Báo cáo tài chính', b'1', 48, 'reservation', 'INVITE_TO_RESERVATION', 1),
	(7, '2025-04-06 14:04:41.394603', 'Bạn được mời tham gia cuộc họp: Báo cáo tài chính', b'0', 48, 'reservation', 'INVITE_TO_RESERVATION', 10),
	(8, '2025-04-06 14:04:41.402198', 'Bạn được mời tham gia cuộc họp: Báo cáo tài chính', b'0', 48, 'reservation', 'INVITE_TO_RESERVATION', 18),
	(9, '2025-04-06 14:04:41.409843', 'Bạn được mời tham gia cuộc họp: Báo cáo tài chính', b'1', 48, 'reservation', 'INVITE_TO_RESERVATION', 3),
	(10, '2025-04-06 14:44:43.716323', 'Bạn được mời tham gia cuộc họp: Cuộc họp hằng tuần', b'1', 54, 'reservation', 'INVITE_TO_RESERVATION', 2),
	(11, '2025-04-06 14:44:43.729309', 'Bạn được mời tham gia cuộc họp: Cuộc họp hằng tuần', b'1', 54, 'reservation', 'INVITE_TO_RESERVATION', 1),
	(12, '2025-04-06 14:44:43.742826', 'Bạn được mời tham gia cuộc họp: Cuộc họp hằng tuần', b'1', 55, 'reservation', 'INVITE_TO_RESERVATION', 2),
	(13, '2025-04-06 14:44:43.747468', 'Bạn được mời tham gia cuộc họp: Cuộc họp hằng tuần', b'1', 55, 'reservation', 'INVITE_TO_RESERVATION', 1),
	(14, '2025-04-06 14:44:43.757649', 'Bạn được mời tham gia cuộc họp: Cuộc họp hằng tuần', b'1', 56, 'reservation', 'INVITE_TO_RESERVATION', 1),
	(15, '2025-04-06 14:44:43.764154', 'Bạn được mời tham gia cuộc họp: Cuộc họp hằng tuần', b'0', 56, 'reservation', 'INVITE_TO_RESERVATION', 18),
	(16, '2025-04-06 14:44:43.774108', 'Bạn được mời tham gia cuộc họp: Cuộc họp hằng tuần', b'1', 57, 'reservation', 'INVITE_TO_RESERVATION', 1),
	(17, '2025-04-06 14:44:43.778960', 'Bạn được mời tham gia cuộc họp: Cuộc họp hằng tuần', b'0', 57, 'reservation', 'INVITE_TO_RESERVATION', 18),
	(18, '2025-04-06 14:44:43.788033', 'Bạn được mời tham gia cuộc họp: Cuộc họp hằng tuần', b'1', 58, 'reservation', 'INVITE_TO_RESERVATION', 2),
	(19, '2025-04-06 14:44:43.791916', 'Bạn được mời tham gia cuộc họp: Cuộc họp hằng tuần', b'1', 58, 'reservation', 'INVITE_TO_RESERVATION', 1),
	(20, '2025-04-06 14:44:43.803553', 'Bạn được mời tham gia cuộc họp: Cuộc họp hằng tuần', b'1', 59, 'reservation', 'INVITE_TO_RESERVATION', 2),
	(21, '2025-04-06 14:44:43.807588', 'Bạn được mời tham gia cuộc họp: Cuộc họp hằng tuần', b'1', 59, 'reservation', 'INVITE_TO_RESERVATION', 1),
	(22, '2025-04-06 14:44:43.818536', 'Bạn được mời tham gia cuộc họp: Cuộc họp hằng tuần', b'1', 60, 'reservation', 'INVITE_TO_RESERVATION', 1),
	(23, '2025-04-06 14:44:43.823305', 'Bạn được mời tham gia cuộc họp: Cuộc họp hằng tuần', b'0', 60, 'reservation', 'INVITE_TO_RESERVATION', 18),
	(24, '2025-04-06 14:44:43.832269', 'Bạn được mời tham gia cuộc họp: Cuộc họp hằng tuần', b'1', 61, 'reservation', 'INVITE_TO_RESERVATION', 1),
	(25, '2025-04-06 14:44:43.835789', 'Bạn được mời tham gia cuộc họp: Cuộc họp hằng tuần', b'0', 61, 'reservation', 'INVITE_TO_RESERVATION', 18),
	(26, '2025-04-06 14:44:43.844990', 'Bạn được mời tham gia cuộc họp: Cuộc họp hằng tuần', b'1', 62, 'reservation', 'INVITE_TO_RESERVATION', 2),
	(27, '2025-04-06 14:44:43.848497', 'Bạn được mời tham gia cuộc họp: Cuộc họp hằng tuần', b'0', 62, 'reservation', 'INVITE_TO_RESERVATION', 18),
	(28, '2025-04-06 14:44:43.852622', 'Bạn được mời tham gia cuộc họp: Cuộc họp hằng tuần', b'1', 62, 'reservation', 'INVITE_TO_RESERVATION', 1),
	(29, '2025-04-06 14:44:43.861990', 'Bạn được mời tham gia cuộc họp: Cuộc họp hằng tuần', b'1', 63, 'reservation', 'INVITE_TO_RESERVATION', 2),
	(30, '2025-04-06 14:44:43.866392', 'Bạn được mời tham gia cuộc họp: Cuộc họp hằng tuần', b'1', 63, 'reservation', 'INVITE_TO_RESERVATION', 1),
	(31, '2025-04-09 15:22:03.871039', 'Bạn được mời tham gia cuộc họp: Bổ sung chiến lược', b'1', 66, 'reservation', 'INVITE_TO_RESERVATION', 1),
	(32, '2025-04-09 15:22:03.881182', 'Bạn được mời tham gia cuộc họp: Bổ sung chiến lược', b'1', 66, 'reservation', 'INVITE_TO_RESERVATION', 3),
	(33, '2025-04-09 15:26:48.508200', 'Bạn được mời tham gia cuộc họp: Phương hướng doanh nghiệp', b'0', 53, 'reservation', 'INVITE_TO_RESERVATION', 5),
	(34, '2025-04-09 15:26:48.511727', 'Bạn được mời tham gia cuộc họp: Phương hướng doanh nghiệp', b'0', 53, 'reservation', 'INVITE_TO_RESERVATION', 8),
	(35, '2025-04-09 15:26:48.514343', 'Bạn được mời tham gia cuộc họp: Phương hướng doanh nghiệp', b'1', 53, 'reservation', 'INVITE_TO_RESERVATION', 1),
	(36, '2025-04-09 16:43:59.486053', 'Bạn được mời tham gia cuộc họp: Khóa luận', b'0', 47, 'reservation', 'INVITE_TO_RESERVATION', 5),
	(37, '2025-04-09 16:43:59.489054', 'Bạn được mời tham gia cuộc họp: Khóa luận', b'1', 47, 'reservation', 'INVITE_TO_RESERVATION', 1),
	(38, '2025-04-09 16:43:59.491054', 'Bạn được mời tham gia cuộc họp: Khóa luận', b'0', 47, 'reservation', 'INVITE_TO_RESERVATION', 7),
	(39, '2025-04-09 16:43:59.494053', 'Bạn được mời tham gia cuộc họp: Khóa luận', b'0', 47, 'reservation', 'INVITE_TO_RESERVATION', 8),
	(40, '2025-04-12 21:58:46.477733', 'Thông báo có yêu cầu cần phê duyệt :Đóng góp ý kiến', b'1', 0, 'requestForm', 'APPROVAL_REQUEST', 1),
	(41, '2025-04-13 09:57:02.214081', 'Thông báo có yêu cầu cần phê duyệt :Nghiên cứu thế giới động vật', b'1', 0, 'requestForm', 'APPROVAL_REQUEST', 3),
	(42, '2025-04-16 10:56:08.467919', 'Thông báo có yêu cầu cần phê duyệt :Cơ hội việc làm', b'1', 0, 'requestForm', 'APPROVAL_REQUEST', 1),
	(43, '2025-04-16 11:21:38.614708', 'Thông báo có yêu cầu cần phê duyệt :Lễ hội mùa hè', b'1', 0, 'requestForm', 'APPROVAL_REQUEST', 1),
	(44, '2025-04-16 16:18:20.631114', 'Bạn được mời tham gia cuộc họp: Báo cáo đầu tuần', b'1', 49, 'reservation', 'INVITE_TO_RESERVATION', 3),
	(45, '2025-04-16 16:18:20.639612', 'Bạn được mời tham gia cuộc họp: Báo cáo đầu tuần', b'1', 49, 'reservation', 'INVITE_TO_RESERVATION', 1),
	(46, '2025-04-18 00:00:15.255844', 'Cuộc họp đã bị hủy: Cơ hội việc làm', b'1', 110, 'reservation', 'RESERVATION_CANCELLED', 1),
	(47, '2025-04-18 00:00:15.325100', 'Cuộc họp đã bị hủy: Cơ hội việc làm', b'0', 110, 'reservation', 'RESERVATION_CANCELLED', 22),
	(48, '2025-04-18 00:00:15.329226', 'Cuộc họp đã bị hủy: Cơ hội việc làm', b'0', 110, 'reservation', 'RESERVATION_CANCELLED', 29),
	(49, '2025-04-18 00:00:15.337876', 'Cuộc họp đã bị hủy: Cơ hội việc làm', b'1', 111, 'reservation', 'RESERVATION_CANCELLED', 1),
	(50, '2025-04-18 00:00:15.340291', 'Cuộc họp đã bị hủy: Cơ hội việc làm', b'0', 111, 'reservation', 'RESERVATION_CANCELLED', 22),
	(51, '2025-04-18 00:00:15.344122', 'Cuộc họp đã bị hủy: Cơ hội việc làm', b'0', 111, 'reservation', 'RESERVATION_CANCELLED', 29),
	(52, '2025-04-18 00:02:48.544181', 'Bạn được mời tham gia cuộc họp: Cơ hội việc làm', b'1', 109, 'reservation', 'INVITE_TO_RESERVATION', 1),
	(53, '2025-04-18 00:02:48.546769', 'Bạn được mời tham gia cuộc họp: Cơ hội việc làm', b'0', 109, 'reservation', 'INVITE_TO_RESERVATION', 22),
	(54, '2025-04-18 00:02:48.550279', 'Bạn được mời tham gia cuộc họp: Cơ hội việc làm', b'0', 109, 'reservation', 'INVITE_TO_RESERVATION', 29),
	(55, '2025-04-18 00:02:57.770185', 'Cuộc họp đã bị hủy: Cơ hội việc làm', b'1', 111, 'reservation', 'RESERVATION_CANCELLED', 1),
	(56, '2025-04-18 00:02:57.773947', 'Cuộc họp đã bị hủy: Cơ hội việc làm', b'0', 111, 'reservation', 'RESERVATION_CANCELLED', 22),
	(57, '2025-04-18 00:02:57.777389', 'Cuộc họp đã bị hủy: Cơ hội việc làm', b'0', 111, 'reservation', 'RESERVATION_CANCELLED', 29),
	(58, '2025-04-18 00:04:40.822789', 'Bạn được mời tham gia cuộc họp: Lễ hội mùa hè', b'1', 112, 'reservation', 'INVITE_TO_RESERVATION', 1),
	(59, '2025-04-18 00:04:40.825328', 'Bạn được mời tham gia cuộc họp: Lễ hội mùa hè', b'0', 112, 'reservation', 'INVITE_TO_RESERVATION', 8),
	(60, '2025-04-18 00:04:40.828668', 'Bạn được mời tham gia cuộc họp: Lễ hội mùa hè', b'0', 112, 'reservation', 'INVITE_TO_RESERVATION', 10),
	(61, '2025-04-18 00:05:05.262672', 'Cuộc họp đã bị hủy: Lễ hội mùa hè', b'1', 114, 'reservation', 'RESERVATION_CANCELLED', 1),
	(62, '2025-04-18 00:05:05.268052', 'Cuộc họp đã bị hủy: Lễ hội mùa hè', b'0', 114, 'reservation', 'RESERVATION_CANCELLED', 8),
	(63, '2025-04-18 00:05:05.271606', 'Cuộc họp đã bị hủy: Lễ hội mùa hè', b'0', 114, 'reservation', 'RESERVATION_CANCELLED', 10),
	(64, '2025-04-18 00:05:44.622998', 'Cuộc họp đã bị hủy: Lễ hội mùa hè', b'1', 113, 'reservation', 'RESERVATION_CANCELLED', 1),
	(65, '2025-04-18 00:05:44.626001', 'Cuộc họp đã bị hủy: Lễ hội mùa hè', b'0', 113, 'reservation', 'RESERVATION_CANCELLED', 8),
	(66, '2025-04-18 00:05:44.629001', 'Cuộc họp đã bị hủy: Lễ hội mùa hè', b'0', 113, 'reservation', 'RESERVATION_CANCELLED', 10),
	(67, '2025-04-18 00:26:28.370971', 'Cuộc họp đã bị hủy: Cuộc họp hằng tuần', b'1', 57, 'reservation', 'RESERVATION_CANCELLED', 1),
	(68, '2025-04-18 00:26:28.377082', 'Cuộc họp đã bị hủy: Cuộc họp hằng tuần', b'0', 57, 'reservation', 'RESERVATION_CANCELLED', 18),
	(69, '2025-04-18 00:27:38.860218', 'Cuộc họp đã bị hủy: Cuộc họp hằng tuần', b'1', 57, 'reservation', 'RESERVATION_CANCELLED', 1),
	(70, '2025-04-18 00:27:38.864050', 'Cuộc họp đã bị hủy: Cuộc họp hằng tuần', b'0', 57, 'reservation', 'RESERVATION_CANCELLED', 18),
	(71, '2025-04-18 00:33:36.846111', 'Cuộc họp đã bị hủy: Lễ hội mùa hè', b'1', 112, 'reservation', 'RESERVATION_CANCELLED', 1),
	(72, '2025-04-18 00:33:36.848340', 'Cuộc họp đã bị hủy: Lễ hội mùa hè', b'0', 112, 'reservation', 'RESERVATION_CANCELLED', 8),
	(73, '2025-04-18 00:33:36.850873', 'Cuộc họp đã bị hủy: Lễ hội mùa hè', b'0', 112, 'reservation', 'RESERVATION_CANCELLED', 10),
	(74, '2025-04-18 00:33:36.854617', 'Cuộc họp đã bị hủy: Lễ hội mùa hè', b'1', 113, 'reservation', 'RESERVATION_CANCELLED', 1),
	(75, '2025-04-18 00:33:36.857361', 'Cuộc họp đã bị hủy: Lễ hội mùa hè', b'0', 113, 'reservation', 'RESERVATION_CANCELLED', 8),
	(76, '2025-04-18 00:33:36.859480', 'Cuộc họp đã bị hủy: Lễ hội mùa hè', b'0', 113, 'reservation', 'RESERVATION_CANCELLED', 10),
	(77, '2025-04-18 00:33:36.865154', 'Cuộc họp đã bị hủy: Lễ hội mùa hè', b'1', 114, 'reservation', 'RESERVATION_CANCELLED', 1),
	(78, '2025-04-18 00:33:36.867192', 'Cuộc họp đã bị hủy: Lễ hội mùa hè', b'0', 114, 'reservation', 'RESERVATION_CANCELLED', 8),
	(79, '2025-04-18 00:33:36.869675', 'Cuộc họp đã bị hủy: Lễ hội mùa hè', b'0', 114, 'reservation', 'RESERVATION_CANCELLED', 10),
	(80, '2025-04-18 00:38:19.677487', 'Cuộc họp đã bị hủy: Lễ hội mùa hè', b'1', 112, 'reservation', 'RESERVATION_CANCELLED', 1),
	(81, '2025-04-18 00:38:19.680781', 'Cuộc họp đã bị hủy: Lễ hội mùa hè', b'0', 112, 'reservation', 'RESERVATION_CANCELLED', 8),
	(82, '2025-04-18 00:38:19.683024', 'Cuộc họp đã bị hủy: Lễ hội mùa hè', b'0', 112, 'reservation', 'RESERVATION_CANCELLED', 10),
	(83, '2025-04-18 00:38:19.687245', 'Cuộc họp đã bị hủy: Lễ hội mùa hè', b'1', 113, 'reservation', 'RESERVATION_CANCELLED', 1),
	(84, '2025-04-18 00:38:19.691111', 'Cuộc họp đã bị hủy: Lễ hội mùa hè', b'0', 113, 'reservation', 'RESERVATION_CANCELLED', 8),
	(85, '2025-04-18 00:38:19.693181', 'Cuộc họp đã bị hủy: Lễ hội mùa hè', b'0', 113, 'reservation', 'RESERVATION_CANCELLED', 10),
	(86, '2025-04-18 00:38:19.699719', 'Cuộc họp đã bị hủy: Lễ hội mùa hè', b'1', 114, 'reservation', 'RESERVATION_CANCELLED', 1),
	(87, '2025-04-18 00:38:19.701955', 'Cuộc họp đã bị hủy: Lễ hội mùa hè', b'0', 114, 'reservation', 'RESERVATION_CANCELLED', 8),
	(88, '2025-04-18 00:38:19.702959', 'Cuộc họp đã bị hủy: Lễ hội mùa hè', b'0', 114, 'reservation', 'RESERVATION_CANCELLED', 10),
	(89, '2025-04-18 00:44:02.244017', 'Cuộc họp đã bị hủy: Lễ hội mùa hè', b'1', 112, 'reservation', 'RESERVATION_CANCELLED', 1),
	(90, '2025-04-18 00:44:02.246688', 'Cuộc họp đã bị hủy: Lễ hội mùa hè', b'0', 112, 'reservation', 'RESERVATION_CANCELLED', 8),
	(91, '2025-04-18 00:44:02.248805', 'Cuộc họp đã bị hủy: Lễ hội mùa hè', b'0', 112, 'reservation', 'RESERVATION_CANCELLED', 10),
	(92, '2025-04-18 00:44:02.254241', 'Cuộc họp đã bị hủy: Lễ hội mùa hè', b'1', 113, 'reservation', 'RESERVATION_CANCELLED', 1),
	(93, '2025-04-18 00:44:02.257399', 'Cuộc họp đã bị hủy: Lễ hội mùa hè', b'0', 113, 'reservation', 'RESERVATION_CANCELLED', 8),
	(94, '2025-04-18 00:44:02.259050', 'Cuộc họp đã bị hủy: Lễ hội mùa hè', b'0', 113, 'reservation', 'RESERVATION_CANCELLED', 10),
	(95, '2025-04-18 00:44:02.265076', 'Cuộc họp đã bị hủy: Lễ hội mùa hè', b'1', 114, 'reservation', 'RESERVATION_CANCELLED', 1),
	(96, '2025-04-18 00:44:02.267474', 'Cuộc họp đã bị hủy: Lễ hội mùa hè', b'0', 114, 'reservation', 'RESERVATION_CANCELLED', 8),
	(97, '2025-04-18 00:44:02.270570', 'Cuộc họp đã bị hủy: Lễ hội mùa hè', b'0', 114, 'reservation', 'RESERVATION_CANCELLED', 10),
	(98, '2025-04-18 07:57:21.548836', 'Bạn đã đặt lịch họp: Nghiên cứu thế giới động vật vào lúc 2025-04-13 10:10:00.0 thành công', b'1', 108, 'reservation', 'RESERVATION_REQUEST', 3),
	(99, '2025-04-18 07:57:21.591683', 'Bạn được mời tham gia cuộc họp: Nghiên cứu thế giới động vật', b'1', 108, 'reservation', 'INVITE_TO_RESERVATION', 3),
	(100, '2025-04-18 07:57:21.598292', 'Bạn được mời tham gia cuộc họp: Nghiên cứu thế giới động vật', b'0', 108, 'reservation', 'INVITE_TO_RESERVATION', 4),
	(101, '2025-04-24 15:46:33.549642', 'Thông báo có yêu cầu cần phê duyệt :Ghi chú lịch', b'1', 0, 'requestForm', 'APPROVAL_REQUEST', 1),
	(102, '2025-04-24 15:49:26.558835', 'Bạn đã đặt lịch họp: Ghi chú lịch vào lúc 2025-04-24 16:00:00.0 thành công', b'1', 115, 'reservation', 'RESERVATION_REQUEST', 1),
	(103, '2025-04-24 15:49:26.566861', 'Bạn được mời tham gia cuộc họp: Ghi chú lịch', b'1', 115, 'reservation', 'INVITE_TO_RESERVATION', 1),
	(104, '2025-04-24 15:49:26.572541', 'Bạn được mời tham gia cuộc họp: Ghi chú lịch', b'1', 115, 'reservation', 'INVITE_TO_RESERVATION', 2),
	(105, '2025-04-24 15:49:26.577606', 'Bạn được mời tham gia cuộc họp: Ghi chú lịch', b'1', 115, 'reservation', 'INVITE_TO_RESERVATION', 3),
	(106, '2025-04-29 09:29:18.774320', 'Thông báo có yêu cầu cần phê duyệt :Lễ 30/4', b'1', 0, 'requestForm', 'APPROVAL_REQUEST', 1),
	(107, '2025-04-29 09:30:47.321666', 'Bạn đã đặt lịch họp: Định hướng tương lai vào lúc 2025-03-28 09:30:00.0 thành công', b'1', 64, 'reservation', 'RESERVATION_REQUEST', 1),
	(108, '2025-04-29 09:30:47.333663', 'Bạn được mời tham gia cuộc họp: Định hướng tương lai', b'1', 64, 'reservation', 'INVITE_TO_RESERVATION', 1),
	(109, '2025-04-29 09:30:47.343536', 'Bạn được mời tham gia cuộc họp: Định hướng tương lai', b'0', 64, 'reservation', 'INVITE_TO_RESERVATION', 5),
	(110, '2025-04-29 09:30:47.350555', 'Bạn được mời tham gia cuộc họp: Định hướng tương lai', b'1', 64, 'reservation', 'INVITE_TO_RESERVATION', 2),
	(111, '2025-04-29 09:30:47.358727', 'Bạn được mời tham gia cuộc họp: Định hướng tương lai', b'0', 64, 'reservation', 'INVITE_TO_RESERVATION', 26),
	(112, '2025-04-29 09:30:47.367105', 'Bạn được mời tham gia cuộc họp: Định hướng tương lai', b'0', 64, 'reservation', 'INVITE_TO_RESERVATION', 23),
	(113, '2025-04-29 09:30:47.374104', 'Bạn được mời tham gia cuộc họp: Định hướng tương lai', b'1', 64, 'reservation', 'INVITE_TO_RESERVATION', 3),
	(114, '2025-04-29 09:30:47.396445', 'Bạn đã đặt lịch họp: Phát triển ứng dụng vào lúc 2025-03-27 09:00:00.0 thành công', b'1', 65, 'reservation', 'RESERVATION_REQUEST', 1),
	(115, '2025-04-29 09:30:47.404444', 'Bạn được mời tham gia cuộc họp: Phát triển ứng dụng', b'1', 65, 'reservation', 'INVITE_TO_RESERVATION', 1),
	(116, '2025-04-29 09:30:47.411834', 'Bạn được mời tham gia cuộc họp: Phát triển ứng dụng', b'1', 65, 'reservation', 'INVITE_TO_RESERVATION', 2),
	(117, '2025-04-29 09:30:47.432548', 'Bạn đã đặt lịch họp: Triển khai dự án vào lúc 2025-04-01 10:00:00.0 thành công', b'1', 68, 'reservation', 'RESERVATION_REQUEST', 1),
	(118, '2025-04-29 09:30:47.441066', 'Bạn được mời tham gia cuộc họp: Triển khai dự án', b'1', 68, 'reservation', 'INVITE_TO_RESERVATION', 1),
	(119, '2025-04-29 09:30:47.448474', 'Bạn được mời tham gia cuộc họp: Triển khai dự án', b'0', 68, 'reservation', 'INVITE_TO_RESERVATION', 5),
	(120, '2025-04-29 09:30:47.453055', 'Bạn được mời tham gia cuộc họp: Triển khai dự án', b'0', 68, 'reservation', 'INVITE_TO_RESERVATION', 7),
	(121, '2025-04-29 09:30:47.474656', 'Bạn đã đặt lịch họp: Chỉ tiêu bình quân vào lúc 2025-04-01 14:30:00.0 thành công', b'1', 69, 'reservation', 'RESERVATION_REQUEST', 1),
	(122, '2025-04-29 09:30:47.481658', 'Bạn được mời tham gia cuộc họp: Chỉ tiêu bình quân', b'1', 69, 'reservation', 'INVITE_TO_RESERVATION', 1),
	(123, '2025-04-29 09:30:47.487659', 'Bạn được mời tham gia cuộc họp: Chỉ tiêu bình quân', b'0', 69, 'reservation', 'INVITE_TO_RESERVATION', 5),
	(124, '2025-04-29 09:34:35.848065', 'Thông báo có yêu cầu cần phê duyệt :Tổ chức kỉ niệm ', b'1', 0, 'requestForm', 'APPROVAL_REQUEST', 1),
	(125, '2025-04-29 09:36:25.285217', 'Thông báo có yêu cầu cần phê duyệt :Hoạt động sau lễ', b'1', 0, 'requestForm', 'APPROVAL_REQUEST', 1),
	(126, '2025-05-08 11:15:11.303274', 'Thông báo có yêu cầu cần phê duyệt :Check di động', b'1', 0, 'requestForm', 'APPROVAL_REQUEST', 1),
	(127, '2025-05-08 11:15:49.957884', 'Bạn đã đặt lịch họp: Check di động vào lúc 2025-05-08 11:30:00.0 thành công', b'1', 120, 'reservation', 'RESERVATION_REQUEST', 1),
	(128, '2025-05-08 11:15:49.967462', 'Bạn được mời tham gia cuộc họp: Check di động', b'1', 120, 'reservation', 'INVITE_TO_RESERVATION', 1),
	(129, '2025-05-08 11:15:49.973896', 'Bạn được mời tham gia cuộc họp: Check di động', b'1', 120, 'reservation', 'INVITE_TO_RESERVATION', 3),
	(130, '2025-05-08 11:15:49.980167', 'Bạn được mời tham gia cuộc họp: Check di động', b'0', 120, 'reservation', 'INVITE_TO_RESERVATION', 4),
	(131, '2025-05-08 11:29:22.092488', 'Thông báo có yêu cầu cần phê duyệt :Hội hè', b'1', 0, 'requestForm', 'APPROVAL_REQUEST', 1),
	(132, '2025-05-08 11:30:01.146018', 'Bạn đã đặt lịch họp: Dự án khởi nghiệp vào lúc 2025-04-01 13:30:00.0 thành công', b'1', 71, 'reservation', 'RESERVATION_REQUEST', 1),
	(133, '2025-05-08 11:30:01.150275', 'Bạn được mời tham gia cuộc họp: Dự án khởi nghiệp', b'1', 71, 'reservation', 'INVITE_TO_RESERVATION', 1),
	(134, '2025-05-08 11:30:01.154275', 'Bạn được mời tham gia cuộc họp: Dự án khởi nghiệp', b'0', 71, 'reservation', 'INVITE_TO_RESERVATION', 6),
	(135, '2025-05-08 11:30:01.158274', 'Bạn được mời tham gia cuộc họp: Dự án khởi nghiệp', b'0', 71, 'reservation', 'INVITE_TO_RESERVATION', 5),
	(136, '2025-05-08 11:30:01.168456', 'Bạn đã đặt lịch họp: Hỗ trợ khó khăn vào lúc 2025-03-31 08:30:00.0 thành công', b'1', 70, 'reservation', 'RESERVATION_REQUEST', 1),
	(137, '2025-05-08 11:30:01.171903', 'Bạn được mời tham gia cuộc họp: Hỗ trợ khó khăn', b'1', 70, 'reservation', 'INVITE_TO_RESERVATION', 1),
	(138, '2025-05-08 11:30:01.175404', 'Bạn được mời tham gia cuộc họp: Hỗ trợ khó khăn', b'0', 70, 'reservation', 'INVITE_TO_RESERVATION', 6),
	(139, '2025-05-08 16:44:38.791646', 'Bạn đã đặt lịch họp: Đánh giá năng lực vào lúc 2025-04-02 09:30:00.0 thành công', b'1', 73, 'reservation', 'RESERVATION_REQUEST', 1),
	(140, '2025-05-08 16:44:38.799647', 'Bạn được mời tham gia cuộc họp: Đánh giá năng lực', b'1', 73, 'reservation', 'INVITE_TO_RESERVATION', 1),
	(141, '2025-05-08 16:44:38.803647', 'Bạn được mời tham gia cuộc họp: Đánh giá năng lực', b'0', 73, 'reservation', 'INVITE_TO_RESERVATION', 5),
	(142, '2025-05-08 16:44:38.874304', 'Lịch họp đã được cập nhật: Định hướng tương lai', b'0', 64, 'reservation', 'RESERVATION_UPDATED', 7),
	(143, '2025-05-08 16:44:38.877266', 'Lịch họp đã được cập nhật: Định hướng tương lai', b'0', 64, 'reservation', 'RESERVATION_UPDATED', 5),
	(144, '2025-05-08 16:44:38.880305', 'Lịch họp đã được cập nhật: Định hướng tương lai', b'1', 64, 'reservation', 'RESERVATION_UPDATED', 2),
	(145, '2025-05-08 16:44:38.882311', 'Lịch họp đã được cập nhật: Định hướng tương lai', b'0', 64, 'reservation', 'RESERVATION_UPDATED', 26),
	(146, '2025-05-08 16:44:38.884264', 'Lịch họp đã được cập nhật: Định hướng tương lai', b'0', 64, 'reservation', 'RESERVATION_UPDATED', 23),
	(147, '2025-05-08 16:48:45.638378', 'Thông báo có yêu cầu cần phê duyệt :Hoạt động xanh', b'1', 0, 'requestForm', 'APPROVAL_REQUEST', 1),
	(148, '2025-05-08 16:50:39.094553', 'Bạn đã đặt lịch họp: Hoạt động xanh vào lúc 2025-05-08 17:00:00.0 thành công', b'1', 122, 'reservation', 'RESERVATION_REQUEST', 1),
	(149, '2025-05-08 16:50:39.099477', 'Bạn được mời tham gia cuộc họp: Hoạt động xanh', b'1', 122, 'reservation', 'INVITE_TO_RESERVATION', 1),
	(150, '2025-05-08 16:50:39.101476', 'Bạn được mời tham gia cuộc họp: Hoạt động xanh', b'0', 122, 'reservation', 'INVITE_TO_RESERVATION', 5),
	(151, '2025-05-08 16:50:39.111477', 'Bạn đã đặt lịch họp: Du lịch cuối năm vào lúc 2025-04-16 07:10:00.0 thành công', b'1', 102, 'reservation', 'RESERVATION_REQUEST', 1),
	(152, '2025-05-08 16:50:39.113986', 'Bạn được mời tham gia cuộc họp: Du lịch cuối năm', b'1', 102, 'reservation', 'INVITE_TO_RESERVATION', 1),
	(153, '2025-05-08 16:50:39.116989', 'Bạn được mời tham gia cuộc họp: Du lịch cuối năm', b'1', 102, 'reservation', 'INVITE_TO_RESERVATION', 3),
	(154, '2025-05-08 16:50:39.120989', 'Bạn được mời tham gia cuộc họp: Du lịch cuối năm', b'0', 102, 'reservation', 'INVITE_TO_RESERVATION', 6),
	(155, '2025-05-08 16:50:39.122988', 'Bạn được mời tham gia cuộc họp: Du lịch cuối năm', b'0', 102, 'reservation', 'INVITE_TO_RESERVATION', 8),
	(156, '2025-05-08 16:50:39.124989', 'Bạn được mời tham gia cuộc họp: Du lịch cuối năm', b'0', 102, 'reservation', 'INVITE_TO_RESERVATION', 9),
	(157, '2025-05-08 16:50:39.134990', 'Bạn đã đặt lịch họp: Kiểm tra năng lực vào lúc 2025-04-11 07:10:00.0 thành công', b'1', 99, 'reservation', 'RESERVATION_REQUEST', 1),
	(158, '2025-05-08 16:50:39.137988', 'Bạn được mời tham gia cuộc họp: Kiểm tra năng lực', b'1', 99, 'reservation', 'INVITE_TO_RESERVATION', 1),
	(159, '2025-05-08 16:50:39.140990', 'Bạn được mời tham gia cuộc họp: Kiểm tra năng lực', b'1', 99, 'reservation', 'INVITE_TO_RESERVATION', 2),
	(160, '2025-05-08 16:50:39.142990', 'Bạn được mời tham gia cuộc họp: Kiểm tra năng lực', b'0', 99, 'reservation', 'INVITE_TO_RESERVATION', 5),
	(161, '2025-05-08 16:50:39.149990', 'Bạn đã đặt lịch họp: Đánh giá 2 vào lúc 2025-04-07 09:00:00.0 thành công', b'1', 92, 'reservation', 'RESERVATION_REQUEST', 1),
	(162, '2025-05-08 16:50:39.152081', 'Bạn được mời tham gia cuộc họp: Đánh giá 2', b'1', 92, 'reservation', 'INVITE_TO_RESERVATION', 1),
	(163, '2025-05-08 16:50:39.154989', 'Bạn được mời tham gia cuộc họp: Đánh giá 2', b'0', 92, 'reservation', 'INVITE_TO_RESERVATION', 5),
	(164, '2025-05-08 16:50:39.160991', 'Bạn đã đặt lịch họp: họp vào lúc 2025-04-02 07:30:00.0 thành công', b'1', 90, 'reservation', 'RESERVATION_REQUEST', 1),
	(165, '2025-05-08 16:50:39.163988', 'Bạn được mời tham gia cuộc họp: họp', b'1', 90, 'reservation', 'INVITE_TO_RESERVATION', 1),
	(166, '2025-05-08 16:50:39.166988', 'Bạn được mời tham gia cuộc họp: họp', b'0', 90, 'reservation', 'INVITE_TO_RESERVATION', 6),
	(167, '2025-05-08 16:50:39.169088', 'Bạn được mời tham gia cuộc họp: họp', b'0', 90, 'reservation', 'INVITE_TO_RESERVATION', 17),
	(168, '2025-05-08 16:50:39.174989', 'Bạn đã đặt lịch họp: Kiểm tra tài chính vào lúc 2025-03-30 07:30:00.0 thành công', b'1', 89, 'reservation', 'RESERVATION_REQUEST', 1),
	(169, '2025-05-08 16:50:39.178086', 'Bạn được mời tham gia cuộc họp: Kiểm tra tài chính', b'1', 89, 'reservation', 'INVITE_TO_RESERVATION', 1),
	(170, '2025-05-08 16:50:39.180988', 'Bạn được mời tham gia cuộc họp: Kiểm tra tài chính', b'0', 89, 'reservation', 'INVITE_TO_RESERVATION', 4),
	(171, '2025-05-08 16:50:39.182988', 'Bạn được mời tham gia cuộc họp: Kiểm tra tài chính', b'0', 89, 'reservation', 'INVITE_TO_RESERVATION', 18),
	(172, '2025-05-08 16:50:39.185080', 'Bạn được mời tham gia cuộc họp: Kiểm tra tài chính', b'0', 89, 'reservation', 'INVITE_TO_RESERVATION', 19),
	(173, '2025-05-08 16:50:39.190989', 'Bạn đã đặt lịch họp: Huy động vốn vào lúc 2025-03-27 07:00:00.0 thành công', b'1', 67, 'reservation', 'RESERVATION_REQUEST', 1),
	(174, '2025-05-08 16:50:39.193991', 'Bạn được mời tham gia cuộc họp: Huy động vốn', b'1', 67, 'reservation', 'INVITE_TO_RESERVATION', 1),
	(175, '2025-05-08 16:50:39.195990', 'Bạn được mời tham gia cuộc họp: Huy động vốn', b'0', 67, 'reservation', 'INVITE_TO_RESERVATION', 6),
	(176, '2025-05-08 16:50:39.205992', 'Bạn đã đặt lịch họp: Đánh giá hiệu suất tháng vào lúc 2025-03-25 13:00:00.0 thành công', b'1', 40, 'reservation', 'RESERVATION_REQUEST', 1),
	(177, '2025-05-08 16:50:39.208995', 'Bạn được mời tham gia cuộc họp: Đánh giá hiệu suất tháng', b'1', 40, 'reservation', 'INVITE_TO_RESERVATION', 1),
	(178, '2025-05-08 16:50:39.211992', 'Bạn được mời tham gia cuộc họp: Đánh giá hiệu suất tháng', b'1', 40, 'reservation', 'INVITE_TO_RESERVATION', 2),
	(179, '2025-05-08 16:50:39.213496', 'Bạn được mời tham gia cuộc họp: Đánh giá hiệu suất tháng', b'1', 40, 'reservation', 'INVITE_TO_RESERVATION', 3),
	(180, '2025-05-08 16:57:49.903853', 'Thông báo có yêu cầu cần phê duyệt :Mùa hè xanh', b'0', 0, 'requestForm', 'APPROVAL_REQUEST', 4),
	(181, '2025-05-08 17:27:43.387076', 'Cuộc họp đã bị hủy: Du lịch cuối năm', b'1', 102, 'reservation', 'RESERVATION_CANCELLED', 1),
	(182, '2025-05-08 17:27:43.391275', 'Cuộc họp đã bị hủy: Du lịch cuối năm', b'1', 102, 'reservation', 'RESERVATION_CANCELLED', 3),
	(183, '2025-05-08 17:27:43.394319', 'Cuộc họp đã bị hủy: Du lịch cuối năm', b'0', 102, 'reservation', 'RESERVATION_CANCELLED', 6),
	(184, '2025-05-08 17:27:43.396308', 'Cuộc họp đã bị hủy: Du lịch cuối năm', b'0', 102, 'reservation', 'RESERVATION_CANCELLED', 8),
	(185, '2025-05-08 17:27:43.398378', 'Cuộc họp đã bị hủy: Du lịch cuối năm', b'0', 102, 'reservation', 'RESERVATION_CANCELLED', 9),
	(186, '2025-05-08 17:27:43.402319', 'Cuộc họp đã bị hủy: Du lịch cuối năm', b'1', 103, 'reservation', 'RESERVATION_CANCELLED', 1),
	(187, '2025-05-08 17:27:43.404318', 'Cuộc họp đã bị hủy: Du lịch cuối năm', b'1', 103, 'reservation', 'RESERVATION_CANCELLED', 3),
	(188, '2025-05-08 17:27:43.406355', 'Cuộc họp đã bị hủy: Du lịch cuối năm', b'0', 103, 'reservation', 'RESERVATION_CANCELLED', 6),
	(189, '2025-05-08 17:27:43.408318', 'Cuộc họp đã bị hủy: Du lịch cuối năm', b'0', 103, 'reservation', 'RESERVATION_CANCELLED', 8),
	(190, '2025-05-08 17:27:43.410319', 'Cuộc họp đã bị hủy: Du lịch cuối năm', b'0', 103, 'reservation', 'RESERVATION_CANCELLED', 9),
	(191, '2025-05-08 17:27:43.415350', 'Cuộc họp đã bị hủy: Du lịch cuối năm', b'1', 104, 'reservation', 'RESERVATION_CANCELLED', 1),
	(192, '2025-05-08 17:27:43.417412', 'Cuộc họp đã bị hủy: Du lịch cuối năm', b'1', 104, 'reservation', 'RESERVATION_CANCELLED', 3),
	(193, '2025-05-08 17:27:43.419322', 'Cuộc họp đã bị hủy: Du lịch cuối năm', b'0', 104, 'reservation', 'RESERVATION_CANCELLED', 6),
	(194, '2025-05-08 17:27:43.422324', 'Cuộc họp đã bị hủy: Du lịch cuối năm', b'0', 104, 'reservation', 'RESERVATION_CANCELLED', 8),
	(195, '2025-05-08 17:27:43.424322', 'Cuộc họp đã bị hủy: Du lịch cuối năm', b'0', 104, 'reservation', 'RESERVATION_CANCELLED', 9),
	(196, '2025-05-08 17:32:04.094839', 'Thông báo có yêu cầu cần phê duyệt :Tần suất tháng 5', b'1', 0, 'requestForm', 'APPROVAL_REQUEST', 1),
	(197, '2025-05-08 17:42:59.308446', 'Bạn đã đặt lịch họp: Cung ứng tháng 4 vào lúc 2025-04-05 14:00:00.0 thành công', b'1', 83, 'reservation', 'RESERVATION_REQUEST', 1),
	(198, '2025-05-08 17:42:59.312445', 'Bạn được mời tham gia cuộc họp: Cung ứng tháng 4', b'1', 83, 'reservation', 'INVITE_TO_RESERVATION', 1),
	(199, '2025-05-08 17:42:59.314976', 'Bạn được mời tham gia cuộc họp: Cung ứng tháng 4', b'0', 83, 'reservation', 'INVITE_TO_RESERVATION', 4),
	(200, '2025-05-08 18:05:45.625317', 'Bạn đã đặt lịch họp: Hội hè vào lúc 2025-05-09 07:30:00.0 thành công', b'1', 121, 'reservation', 'RESERVATION_REQUEST', 1),
	(201, '2025-05-08 18:05:45.629316', 'Bạn được mời tham gia cuộc họp: Hội hè', b'1', 121, 'reservation', 'INVITE_TO_RESERVATION', 1),
	(202, '2025-05-08 18:05:45.631315', 'Bạn được mời tham gia cuộc họp: Hội hè', b'0', 121, 'reservation', 'INVITE_TO_RESERVATION', 6),
	(203, '2025-05-08 18:05:45.633317', 'Bạn được mời tham gia cuộc họp: Hội hè', b'0', 121, 'reservation', 'INVITE_TO_RESERVATION', 9),
	(204, '2025-05-08 18:05:45.635823', 'Bạn được mời tham gia cuộc họp: Hội hè', b'1', 121, 'reservation', 'INVITE_TO_RESERVATION', 3),
	(205, '2025-05-09 06:55:08.741474', 'Thông báo có yêu cầu cần phê duyệt :Trại hè', b'1', 0, 'requestForm', 'APPROVAL_REQUEST', 1),
	(206, '2025-05-09 14:59:44.479401', 'Thông báo có yêu cầu cần phê duyệt :Tiếp nhận hồ sơ', b'1', 0, 'requestForm', 'APPROVAL_REQUEST', 1),
	(207, '2025-05-09 15:34:24.522263', 'Bạn đã đặt lịch họp: Tiếp nhận hồ sơ vào lúc 2025-05-09 15:30:00.0 thành công', b'1', 131, 'reservation', 'RESERVATION_REQUEST', 1),
	(208, '2025-05-09 15:34:24.527403', 'Bạn được mời tham gia cuộc họp: Tiếp nhận hồ sơ', b'1', 131, 'reservation', 'INVITE_TO_RESERVATION', 1),
	(209, '2025-05-09 15:34:24.529785', 'Bạn được mời tham gia cuộc họp: Tiếp nhận hồ sơ', b'0', 131, 'reservation', 'INVITE_TO_RESERVATION', 10),
	(210, '2025-05-09 15:35:38.715361', 'Bạn đã đặt lịch họp: Tần suất tháng 5 vào lúc 2025-05-12 07:20:00.0 thành công', b'1', 124, 'reservation', 'RESERVATION_REQUEST', 1),
	(211, '2025-05-09 15:35:38.718934', 'Bạn được mời tham gia cuộc họp: Tần suất tháng 5', b'1', 124, 'reservation', 'INVITE_TO_RESERVATION', 1),
	(212, '2025-05-09 15:35:38.723311', 'Bạn được mời tham gia cuộc họp: Tần suất tháng 5', b'0', 124, 'reservation', 'INVITE_TO_RESERVATION', 4),
	(213, '2025-05-09 15:35:38.727737', 'Bạn được mời tham gia cuộc họp: Tần suất tháng 5', b'0', 124, 'reservation', 'INVITE_TO_RESERVATION', 7),
	(214, '2025-05-09 15:35:38.731436', 'Bạn được mời tham gia cuộc họp: Tần suất tháng 5', b'0', 124, 'reservation', 'INVITE_TO_RESERVATION', 26),
	(215, '2025-05-09 15:50:12.462445', 'Thông báo có yêu cầu cần phê duyệt :Điều phối', b'1', 0, 'requestForm', 'APPROVAL_REQUEST', 1),
	(216, '2025-05-09 15:52:08.215422', 'Bạn đã đặt lịch họp: Họp nhóm cuối tuần vào lúc 2025-04-03 07:00:00.0 thành công', b'0', 84, 'reservation', 'RESERVATION_REQUEST', 4),
	(217, '2025-05-09 15:52:08.218244', 'Bạn được mời tham gia cuộc họp: Họp nhóm cuối tuần', b'0', 84, 'reservation', 'INVITE_TO_RESERVATION', 4),
	(218, '2025-05-09 15:52:08.220654', 'Bạn được mời tham gia cuộc họp: Họp nhóm cuối tuần', b'1', 84, 'reservation', 'INVITE_TO_RESERVATION', 3),
	(219, '2025-05-09 15:52:08.225922', 'Bạn được mời tham gia cuộc họp: Họp nhóm cuối tuần', b'1', 84, 'reservation', 'INVITE_TO_RESERVATION', 1),
	(220, '2025-05-10 08:50:24.282545', 'Thông báo có yêu cầu cần phê duyệt :Hội mùa hạ', b'1', 0, 'requestForm', 'APPROVAL_REQUEST', 1),
	(221, '2025-05-10 08:52:35.430134', 'Thông báo có yêu cầu cần phê duyệt :Trại hè thiếu niên', b'1', 0, 'requestForm', 'APPROVAL_REQUEST', 1),
	(222, '2025-05-10 08:53:46.602104', 'Thông báo có yêu cầu cần phê duyệt :Chuyển giao kế hoạch ', b'1', 0, 'requestForm', 'APPROVAL_REQUEST', 1),
	(223, '2025-05-10 08:54:34.321213', 'Thông báo có yêu cầu cần phê duyệt :Kế hoạch 1', b'1', 0, 'requestForm', 'APPROVAL_REQUEST', 1),
	(224, '2025-05-12 11:08:58.031669', 'Thông báo có yêu cầu cần phê duyệt :Đánh giá tháng 5', b'1', 0, 'requestForm', 'APPROVAL_REQUEST', 1),
	(225, '2025-05-12 12:21:00.574941', 'Bạn đã đặt lịch họp: Đánh giá tháng 5 vào lúc 2025-05-14 07:50:00.0 thành công', b'1', 137, 'reservation', 'RESERVATION_REQUEST', 1),
	(226, '2025-05-12 12:21:00.586927', 'Bạn được mời tham gia cuộc họp: Đánh giá tháng 5', b'1', 137, 'reservation', 'INVITE_TO_RESERVATION', 1),
	(227, '2025-05-12 12:21:00.591556', 'Bạn được mời tham gia cuộc họp: Đánh giá tháng 5', b'0', 137, 'reservation', 'INVITE_TO_RESERVATION', 6),
	(228, '2025-05-12 12:21:00.596558', 'Bạn được mời tham gia cuộc họp: Đánh giá tháng 5', b'0', 137, 'reservation', 'INVITE_TO_RESERVATION', 9),
	(229, '2025-05-12 12:21:00.599557', 'Bạn được mời tham gia cuộc họp: Đánh giá tháng 5', b'0', 137, 'reservation', 'INVITE_TO_RESERVATION', 11),
	(230, '2025-05-14 02:01:20.499042', 'Thông báo có yêu cầu cần phê duyệt :Trại mùa hè', b'1', 0, 'requestForm', 'APPROVAL_REQUEST', 1),
	(231, '2025-05-14 02:06:56.642807', 'Thông báo có yêu cầu cần phê duyệt :Tổ chức trại hè', b'0', 0, 'requestForm', 'APPROVAL_REQUEST', 4),
	(232, '2025-05-14 13:59:14.841262', 'Bạn đã không check in cho lịch đặt phòng: Đánh giá tháng 5', b'1', 137, 'reservation', 'FORGOT_CHECKIN', 1),
	(233, '2025-05-14 13:59:15.025013', 'Bạn đã không check in cho lịch đặt phòng: Đánh giá tháng 5', b'0', 137, 'reservation', 'FORGOT_CHECKIN', 6),
	(234, '2025-05-14 13:59:15.031014', 'Bạn đã không check in cho lịch đặt phòng: Đánh giá tháng 5', b'0', 137, 'reservation', 'FORGOT_CHECKIN', 9),
	(235, '2025-05-14 13:59:15.036014', 'Bạn đã không check in cho lịch đặt phòng: Đánh giá tháng 5', b'0', 137, 'reservation', 'FORGOT_CHECKIN', 11),
	(236, '2025-05-14 13:59:15.115382', 'Bạn đã không check in cho lịch đặt phòng: Tần suất tháng 5', b'1', 126, 'reservation', 'FORGOT_CHECKIN', 1),
	(237, '2025-05-14 13:59:15.121385', 'Bạn đã không check in cho lịch đặt phòng: Tần suất tháng 5', b'0', 126, 'reservation', 'FORGOT_CHECKIN', 4),
	(238, '2025-05-14 13:59:15.126388', 'Bạn đã không check in cho lịch đặt phòng: Tần suất tháng 5', b'0', 126, 'reservation', 'FORGOT_CHECKIN', 7),
	(239, '2025-05-14 13:59:15.130386', 'Bạn đã không check in cho lịch đặt phòng: Tần suất tháng 5', b'0', 126, 'reservation', 'FORGOT_CHECKIN', 26),
	(240, '2025-05-14 14:08:52.190797', 'Thông báo có yêu cầu cần phê duyệt :Xây dựng trường ', b'1', 0, 'requestForm', 'APPROVAL_REQUEST', 1),
	(241, '2025-05-14 14:08:57.730967', 'Bạn đã đặt lịch họp: Xây dựng trường  vào lúc 2025-05-14 14:20:00.0 thành công', b'1', 140, 'reservation', 'RESERVATION_REQUEST', 1),
	(242, '2025-05-14 14:08:57.735969', 'Bạn được mời tham gia cuộc họp: Xây dựng trường ', b'1', 140, 'reservation', 'INVITE_TO_RESERVATION', 3),
	(243, '2025-05-14 14:52:22.303982', 'Thông báo có yêu cầu cần phê duyệt :Xây bệnh viện ', b'1', 0, 'requestForm', 'APPROVAL_REQUEST', 1),
	(244, '2025-05-14 14:52:32.475087', 'Bạn đã đặt lịch họp: Xây bệnh viện  vào lúc 2025-05-14 15:10:00.0 thành công', b'1', 141, 'reservation', 'RESERVATION_REQUEST', 1),
	(245, '2025-05-14 14:52:32.480762', 'Bạn được mời tham gia cuộc họp: Xây bệnh viện ', b'0', 141, 'reservation', 'INVITE_TO_RESERVATION', 4),
	(246, '2025-05-15 12:01:25.102678', 'Bạn đã không check in cho lịch đặt phòng: Tần suất tháng 5', b'1', 127, 'reservation', 'FORGOT_CHECKIN', 1),
	(247, '2025-05-15 12:01:25.354355', 'Bạn đã không check in cho lịch đặt phòng: Tần suất tháng 5', b'0', 127, 'reservation', 'FORGOT_CHECKIN', 4),
	(248, '2025-05-15 12:01:25.359866', 'Bạn đã không check in cho lịch đặt phòng: Tần suất tháng 5', b'0', 127, 'reservation', 'FORGOT_CHECKIN', 7),
	(249, '2025-05-15 12:01:25.365866', 'Bạn đã không check in cho lịch đặt phòng: Tần suất tháng 5', b'0', 127, 'reservation', 'FORGOT_CHECKIN', 26),
	(250, '2025-05-15 13:35:31.385512', 'Thông báo có yêu cầu cần phê duyệt :Ngày mới vui vẻ', b'1', 0, 'requestForm', 'APPROVAL_REQUEST', 1),
	(251, '2025-05-15 14:04:17.697978', 'Thông báo có yêu cầu cần phê duyệt :Đánh cá biển', b'1', 0, 'requestForm', 'APPROVAL_REQUEST', 1),
	(252, '2025-05-15 14:49:49.530354', 'Thông báo có yêu cầu cần phê duyệt :Chuyển giao mùa', b'1', 0, 'requestForm', 'APPROVAL_REQUEST', 1),
	(253, '2025-05-15 14:49:57.480426', 'Bạn đã đặt lịch họp: Chuyển giao mùa vào lúc 2025-05-15 15:00:00.0 thành công', b'1', 144, 'reservation', 'RESERVATION_REQUEST', 1),
	(254, '2025-05-15 14:49:57.483468', 'Bạn được mời tham gia cuộc họp: Chuyển giao mùa', b'0', 144, 'reservation', 'INVITE_TO_RESERVATION', 6),
	(255, '2025-05-15 16:35:00.976981', 'Thông báo có yêu cầu cần phê duyệt :Kết thúc', b'1', 0, 'requestForm', 'APPROVAL_REQUEST', 1),
	(256, '2025-05-15 16:41:48.082430', 'Thông báo có yêu cầu cần phê duyệt :Tiêu khiển ', b'0', 0, 'requestForm', 'APPROVAL_REQUEST', NULL),
	(257, '2025-05-16 07:50:15.988086', 'Bạn đã không check in cho lịch đặt phòng: Tần suất tháng 5', b'1', 128, 'reservation', 'FORGOT_CHECKIN', 1),
	(258, '2025-05-16 07:50:16.216220', 'Bạn đã không check in cho lịch đặt phòng: Tần suất tháng 5', b'0', 128, 'reservation', 'FORGOT_CHECKIN', 4),
	(259, '2025-05-16 07:50:16.222956', 'Bạn đã không check in cho lịch đặt phòng: Tần suất tháng 5', b'0', 128, 'reservation', 'FORGOT_CHECKIN', 7),
	(260, '2025-05-16 07:50:16.229472', 'Bạn đã không check in cho lịch đặt phòng: Tần suất tháng 5', b'0', 128, 'reservation', 'FORGOT_CHECKIN', 26),
	(261, '2025-05-16 08:30:33.467731', 'Thông báo có yêu cầu cần phê duyệt :báo cáo hàng tuần', b'0', 0, 'requestForm', 'APPROVAL_REQUEST', 1),
	(262, '2025-05-16 08:31:04.570075', 'Bạn đã đặt lịch họp: báo cáo hàng tuần vào lúc 2025-05-17 10:20:00.0 thành công', b'1', 147, 'reservation', 'RESERVATION_REQUEST', 34);

-- Dumping structure for table ql_datphong.price
CREATE TABLE IF NOT EXISTS `price` (
  `price_id` bigint(20) NOT NULL AUTO_INCREMENT,
  `time_end` datetime(6) DEFAULT NULL,
  `time_start` datetime(6) DEFAULT NULL,
  `is_active` bit(1) NOT NULL,
  `price_name` varchar(255) DEFAULT NULL,
  PRIMARY KEY (`price_id`)
) ENGINE=InnoDB AUTO_INCREMENT=91 DEFAULT CHARSET=utf8mb4 COLLATE=utf8mb4_unicode_ci;

-- Dumping data for table ql_datphong.price: ~6 rows (approximately)
INSERT INTO `price` (`price_id`, `time_end`, `time_start`, `is_active`, `price_name`) VALUES
	(60, '2025-03-24 21:00:00.000000', '2025-03-01 20:00:00.000000', b'1', 'Bảng giá tháng 3'),
	(86, '2025-03-31 00:00:00.000000', '2025-03-25 00:00:00.000000', b'1', 'Bang gia cuoi thang 3'),
	(87, '2025-03-25 00:00:00.000000', '2025-03-24 00:00:00.000000', b'0', 'Bang gia thong nhat'),
	(88, '2025-04-30 00:00:00.000000', '2025-04-01 00:00:00.000000', b'0', 'Bang gia thang 4'),
	(89, '2025-05-31 00:00:00.000000', '2025-05-01 00:00:00.000000', b'1', 'Bang gia thang 5'),
	(90, '2025-04-30 00:00:00.000000', '2025-04-01 00:00:00.000000', b'1', 'Bang gia dich vu thang 4');

-- Dumping structure for table ql_datphong.price_room
CREATE TABLE IF NOT EXISTS `price_room` (
  `price_room_id` bigint(20) NOT NULL AUTO_INCREMENT,
  `value` int(11) NOT NULL,
  `price_id` bigint(20) DEFAULT NULL,
  `room_id` bigint(20) DEFAULT NULL,
  PRIMARY KEY (`price_room_id`),
  UNIQUE KEY `UKlynkhcfujxi70ei57ar4y4xg5` (`room_id`,`price_id`),
  KEY `FK8eqadmnyk5fnxc43tb45c6i5t` (`price_id`),
  KEY `UKl16w63xqsuoxkm9mqks0488ay` (`room_id`) USING BTREE,
  CONSTRAINT `FK5a2ubf8n867utgtcg0n3n6d6q` FOREIGN KEY (`room_id`) REFERENCES `room` (`room_id`),
  CONSTRAINT `FK8eqadmnyk5fnxc43tb45c6i5t` FOREIGN KEY (`price_id`) REFERENCES `price` (`price_id`)
) ENGINE=InnoDB AUTO_INCREMENT=216 DEFAULT CHARSET=utf8mb4 COLLATE=utf8mb4_unicode_ci;

-- Dumping data for table ql_datphong.price_room: ~192 rows (approximately)
INSERT INTO `price_room` (`price_room_id`, `value`, `price_id`, `room_id`) VALUES
	(1, 150000, 60, 1),
	(2, 150000, 60, 2),
	(3, 150000, 60, 4),
	(4, 150000, 60, 7),
	(5, 150000, 60, 8),
	(6, 150000, 60, 3),
	(7, 150000, 60, 9),
	(8, 150000, 60, 10),
	(9, 150000, 60, 11),
	(10, 150000, 60, 12),
	(11, 150000, 60, 13),
	(12, 150000, 60, 14),
	(13, 150000, 60, 15),
	(14, 150000, 60, 16),
	(16, 150000, 60, 17),
	(17, 150000, 60, 18),
	(18, 150000, 60, 19),
	(20, 150000, 60, 21),
	(21, 150000, 60, 22),
	(22, 150000, 60, 23),
	(44, 130000, 86, 1),
	(45, 130000, 86, 2),
	(46, 130000, 86, 4),
	(47, 130000, 86, 7),
	(48, 130000, 86, 8),
	(49, 130000, 86, 3),
	(50, 130000, 86, 9),
	(51, 130000, 86, 10),
	(52, 130000, 86, 11),
	(53, 130000, 86, 12),
	(54, 130000, 86, 13),
	(55, 130000, 86, 14),
	(56, 130000, 86, 15),
	(57, 130000, 86, 16),
	(58, 130000, 86, 17),
	(59, 130000, 86, 18),
	(60, 130000, 86, 19),
	(61, 130000, 86, 21),
	(62, 130000, 86, 22),
	(63, 130000, 86, 23),
	(64, 90000, 87, 1),
	(65, 90000, 87, 2),
	(66, 90000, 87, 4),
	(67, 90000, 87, 7),
	(68, 90000, 87, 8),
	(69, 90000, 87, 3),
	(70, 90000, 87, 9),
	(71, 90000, 87, 10),
	(72, 90000, 87, 11),
	(73, 90000, 87, 12),
	(74, 90000, 87, 13),
	(75, 90000, 87, 14),
	(76, 90000, 87, 15),
	(77, 90000, 87, 16),
	(78, 90000, 87, 17),
	(79, 90000, 87, 18),
	(80, 90000, 87, 19),
	(81, 90000, 87, 21),
	(82, 90000, 87, 22),
	(83, 90000, 87, 23),
	(84, 110000, 88, 1),
	(85, 110000, 88, 2),
	(86, 110000, 88, 4),
	(87, 110000, 88, 7),
	(88, 110000, 88, 8),
	(89, 110000, 88, 3),
	(90, 110000, 88, 9),
	(91, 110000, 88, 10),
	(92, 110000, 88, 11),
	(93, 110000, 88, 12),
	(94, 110000, 88, 13),
	(95, 110000, 88, 14),
	(96, 110000, 88, 15),
	(97, 110000, 88, 16),
	(98, 110000, 88, 17),
	(99, 110000, 88, 18),
	(100, 110000, 88, 19),
	(101, 110000, 88, 21),
	(102, 110000, 88, 22),
	(103, 110000, 88, 23),
	(104, 110000, 89, 1),
	(105, 110000, 89, 2),
	(106, 110000, 89, 4),
	(107, 110000, 89, 7),
	(108, 110000, 89, 8),
	(109, 110000, 89, 3),
	(110, 110000, 89, 9),
	(111, 110000, 89, 10),
	(112, 110000, 89, 11),
	(113, 110000, 89, 12),
	(114, 110000, 89, 13),
	(115, 110000, 89, 14),
	(116, 110000, 89, 15),
	(117, 110000, 89, 16),
	(118, 110000, 89, 17),
	(119, 110000, 89, 18),
	(120, 110000, 89, 19),
	(121, 110000, 89, 21),
	(122, 110000, 89, 22),
	(123, 110000, 89, 23),
	(124, 180000, 90, 1),
	(125, 180000, 90, 2),
	(126, 180000, 90, 4),
	(127, 180000, 90, 7),
	(128, 180000, 90, 8),
	(129, 180000, 90, 3),
	(130, 180000, 90, 9),
	(131, 180000, 90, 10),
	(132, 180000, 90, 11),
	(133, 180000, 90, 12),
	(134, 180000, 90, 13),
	(135, 180000, 90, 14),
	(136, 180000, 90, 15),
	(137, 180000, 90, 16),
	(138, 180000, 90, 17),
	(139, 180000, 90, 18),
	(140, 180000, 90, 19),
	(141, 180000, 90, 21),
	(142, 180000, 90, 22),
	(143, 180000, 90, 23),
	(144, 130000, 90, 24),
	(145, 130000, 60, 24),
	(146, 130000, 86, 24),
	(147, 130000, 87, 24),
	(148, 130000, 88, 24),
	(149, 130000, 89, 24),
	(150, 120000, 90, 25),
	(151, 120000, 60, 25),
	(152, 120000, 86, 25),
	(153, 120000, 87, 25),
	(154, 120000, 88, 25),
	(155, 120000, 89, 25),
	(156, 130000, 90, 26),
	(157, 130000, 60, 26),
	(158, 130000, 86, 26),
	(159, 130000, 87, 26),
	(160, 130000, 88, 26),
	(161, 130000, 89, 26),
	(162, 120000, 90, 27),
	(163, 120000, 60, 27),
	(164, 120000, 86, 27),
	(165, 120000, 87, 27),
	(166, 120000, 88, 27),
	(167, 120000, 89, 27),
	(168, 130000, 90, 28),
	(169, 130000, 60, 28),
	(170, 130000, 86, 28),
	(171, 130000, 87, 28),
	(172, 130000, 88, 28),
	(173, 130000, 89, 28),
	(174, 110000, 90, 29),
	(175, 110000, 60, 29),
	(176, 110000, 86, 29),
	(177, 110000, 87, 29),
	(178, 110000, 88, 29),
	(179, 110000, 89, 29),
	(180, 110000, 90, 30),
	(181, 110000, 60, 30),
	(182, 110000, 86, 30),
	(183, 110000, 87, 30),
	(184, 110000, 88, 30),
	(185, 110000, 89, 30),
	(186, 150000, 90, 31),
	(187, 150000, 60, 31),
	(188, 150000, 86, 31),
	(189, 150000, 87, 31),
	(190, 150000, 88, 31),
	(191, 150000, 89, 31),
	(192, 120000, 90, 32),
	(193, 120000, 60, 32),
	(194, 120000, 86, 32),
	(195, 120000, 87, 32),
	(196, 120000, 88, 32),
	(197, 120000, 89, 32),
	(198, 120000, 90, 33),
	(199, 120000, 60, 33),
	(200, 120000, 86, 33),
	(201, 120000, 87, 33),
	(202, 120000, 88, 33),
	(203, 120000, 89, 33),
	(204, 90000, 89, 34),
	(205, 90000, 60, 34),
	(206, 90000, 86, 34),
	(207, 90000, 87, 34),
	(208, 90000, 88, 34),
	(209, 90000, 90, 34),
	(210, 80000, 89, 35),
	(211, 80000, 60, 35),
	(212, 80000, 86, 35),
	(213, 80000, 87, 35),
	(214, 80000, 88, 35),
	(215, 80000, 90, 35);

-- Dumping structure for table ql_datphong.price_service
CREATE TABLE IF NOT EXISTS `price_service` (
  `price_service_id` bigint(20) NOT NULL AUTO_INCREMENT,
  `value` int(11) NOT NULL,
  `price_id` bigint(20) DEFAULT NULL,
  `service_id` bigint(20) DEFAULT NULL,
  PRIMARY KEY (`price_service_id`),
  UNIQUE KEY `UK57v8x49o30lr2v0twu4j4nmef` (`service_id`,`price_id`),
  KEY `FKrbepo404axh3neju6mq4m4d2x` (`price_id`),
  KEY `UKik8jgdonaclrbr90eyaicp34v` (`service_id`) USING BTREE,
  CONSTRAINT `FKleht4864jwdppa07at594pf6x` FOREIGN KEY (`service_id`) REFERENCES `service` (`service_id`),
  CONSTRAINT `FKrbepo404axh3neju6mq4m4d2x` FOREIGN KEY (`price_id`) REFERENCES `price` (`price_id`)
) ENGINE=InnoDB AUTO_INCREMENT=96 DEFAULT CHARSET=utf8mb4 COLLATE=utf8mb4_unicode_ci;

-- Dumping data for table ql_datphong.price_service: ~90 rows (approximately)
INSERT INTO `price_service` (`price_service_id`, `value`, `price_id`, `service_id`) VALUES
	(1, 50000, 60, 1),
	(2, 40000, 60, 2),
	(3, 50000, 60, 3),
	(4, 30000, 60, 4),
	(5, 20000, 60, 5),
	(6, 30000, 60, 7),
	(7, 30000, 60, 8),
	(8, 20000, 60, 9),
	(9, 30000, 60, 10),
	(10, 40000, 60, 11),
	(11, 30000, 60, 12),
	(12, 30000, 60, 13),
	(13, 20000, 60, 14),
	(14, 30000, 60, 15),
	(15, 30000, 60, 16),
	(21, 10000, 86, 1),
	(22, 20000, 86, 2),
	(23, 30000, 86, 3),
	(24, 20000, 86, 4),
	(25, 30000, 86, 5),
	(26, 20000, 86, 7),
	(27, 30000, 86, 8),
	(28, 20000, 86, 9),
	(29, 30000, 86, 10),
	(30, 20000, 86, 11),
	(31, 30000, 86, 12),
	(32, 20000, 86, 13),
	(33, 30000, 86, 14),
	(34, 20000, 86, 15),
	(35, 10000, 86, 16),
	(36, 50000, 87, 1),
	(37, 40000, 87, 2),
	(38, 30000, 87, 3),
	(39, 30000, 87, 4),
	(40, 40000, 87, 5),
	(41, 30000, 87, 7),
	(42, 40000, 87, 8),
	(43, 30000, 87, 9),
	(44, 40000, 87, 10),
	(45, 30000, 87, 11),
	(46, 40000, 87, 12),
	(47, 30000, 87, 13),
	(48, 40000, 87, 14),
	(49, 30000, 87, 15),
	(50, 50000, 87, 16),
	(51, 10000, 88, 1),
	(52, 20000, 88, 2),
	(53, 10000, 88, 3),
	(54, 20000, 88, 4),
	(55, 10000, 88, 5),
	(56, 20000, 88, 7),
	(57, 20000, 88, 8),
	(58, 10000, 88, 9),
	(59, 10000, 88, 10),
	(60, 20000, 88, 11),
	(61, 10000, 88, 12),
	(62, 20000, 88, 13),
	(63, 10000, 88, 14),
	(64, 10000, 88, 15),
	(65, 10000, 88, 16),
	(66, 30000, 89, 1),
	(67, 10000, 89, 2),
	(68, 30000, 89, 3),
	(69, 10000, 89, 4),
	(70, 30000, 89, 5),
	(71, 10000, 89, 7),
	(72, 30000, 89, 8),
	(73, 20000, 89, 9),
	(74, 30000, 89, 10),
	(75, 20000, 89, 11),
	(76, 30000, 89, 12),
	(77, 20000, 89, 13),
	(78, 30000, 89, 14),
	(79, 10000, 89, 15),
	(80, 30000, 89, 16),
	(81, 50000, 90, 1),
	(82, 40000, 90, 2),
	(83, 50000, 90, 3),
	(84, 40000, 90, 4),
	(85, 50000, 90, 5),
	(86, 40000, 90, 7),
	(87, 50000, 90, 8),
	(88, 40000, 90, 9),
	(89, 40000, 90, 10),
	(90, 50000, 90, 11),
	(91, 40000, 90, 12),
	(92, 40000, 90, 13),
	(93, 50000, 90, 14),
	(94, 40000, 90, 15),
	(95, 50000, 90, 16);

-- Dumping structure for table ql_datphong.request_form
CREATE TABLE IF NOT EXISTS `request_form` (
  `request_form_id` bigint(20) NOT NULL AUTO_INCREMENT,
  `reason_reject` varchar(255) DEFAULT NULL,
  `status_request_form` enum('APPROVED','PENDING','REJECTED','CANCELLED') DEFAULT NULL,
  `time_request` datetime(6) DEFAULT NULL,
  `time_response` datetime(6) DEFAULT NULL,
  `type_request_form` enum('RESERVATION_ONETIME','RESERVATION_RECURRING','UPDATE_RESERVATION') DEFAULT NULL,
  `request_reservation_id` bigint(20) DEFAULT NULL,
  PRIMARY KEY (`request_form_id`),
  UNIQUE KEY `UK4wvvelb7ftp0dinjvshie3bqh` (`request_reservation_id`),
  CONSTRAINT `FKgmwfeoqaw7utlpwec164wlu52` FOREIGN KEY (`request_reservation_id`) REFERENCES `request_reservation` (`request_reservation_id`)
) ENGINE=InnoDB AUTO_INCREMENT=89 DEFAULT CHARSET=utf8mb4 COLLATE=utf8mb4_unicode_ci;

-- Dumping data for table ql_datphong.request_form: ~82 rows (approximately)
INSERT INTO `request_form` (`request_form_id`, `reason_reject`, `status_request_form`, `time_request`, `time_response`, `type_request_form`, `request_reservation_id`) VALUES
	(1, NULL, 'APPROVED', '2025-03-20 15:00:00.000000', '2025-03-22 10:04:26.847000', 'RESERVATION_ONETIME', 1),
	(2, NULL, 'APPROVED', '2025-03-20 15:00:00.000000', '2025-03-22 10:04:26.847000', 'RESERVATION_ONETIME', 2),
	(3, NULL, 'APPROVED', '2025-03-20 15:00:00.000000', '2025-03-22 10:04:26.847000', 'RESERVATION_ONETIME', 3),
	(4, NULL, 'APPROVED', '2025-03-20 15:00:00.000000', '2025-03-22 10:04:26.847000', 'RESERVATION_ONETIME', 4),
	(5, NULL, 'APPROVED', '2025-03-20 15:00:00.000000', '2025-05-08 16:50:39.201000', 'RESERVATION_RECURRING', 5),
	(9, NULL, 'APPROVED', '2025-03-21 02:28:36.632000', '2025-03-22 10:04:26.847000', 'RESERVATION_ONETIME', 9),
	(10, NULL, 'APPROVED', '2025-03-21 02:42:35.868000', '2025-04-06 14:04:41.327000', 'RESERVATION_ONETIME', 10),
	(11, 'Bận', 'REJECTED', '2025-03-21 03:15:17.002000', '2025-03-22 09:54:22.315000', 'RESERVATION_ONETIME', 11),
	(12, NULL, 'APPROVED', '2025-03-21 03:17:36.134000', '2025-03-22 10:04:26.836000', 'RESERVATION_ONETIME', 12),
	(13, NULL, 'APPROVED', '2025-03-22 13:04:22.993000', '2025-03-23 10:01:45.214000', 'RESERVATION_ONETIME', 13),
	(14, NULL, 'APPROVED', '2025-03-24 01:11:47.859000', '2025-03-24 01:16:45.858000', 'UPDATE_RESERVATION', 14),
	(15, NULL, 'APPROVED', '2025-03-24 08:00:42.763000', '2025-04-09 16:43:59.479000', 'RESERVATION_ONETIME', 15),
	(16, NULL, 'APPROVED', '2025-03-24 08:01:39.777000', '2025-04-06 14:04:41.375000', 'RESERVATION_ONETIME', 16),
	(17, NULL, 'APPROVED', '2025-03-24 08:03:47.385000', '2025-04-16 16:18:20.578000', 'RESERVATION_RECURRING', 17),
	(18, NULL, 'APPROVED', '2025-03-24 08:05:20.867000', '2025-04-09 15:26:48.501000', 'RESERVATION_ONETIME', 18),
	(19, NULL, 'APPROVED', '2025-03-24 08:26:08.379000', '2025-03-24 08:34:20.569000', 'UPDATE_RESERVATION', 19),
	(20, NULL, 'APPROVED', '2025-03-24 08:44:57.391000', '2025-04-06 14:44:43.705000', 'RESERVATION_RECURRING', 20),
	(22, NULL, 'APPROVED', '2025-03-26 12:28:03.982000', '2025-04-29 09:30:47.285000', 'RESERVATION_ONETIME', 22),
	(23, NULL, 'APPROVED', '2025-03-26 14:16:37.826000', '2025-04-29 09:30:47.388000', 'RESERVATION_ONETIME', 23),
	(24, NULL, 'APPROVED', '2025-03-26 15:05:28.636000', '2025-04-09 15:22:03.844000', 'RESERVATION_ONETIME', 24),
	(25, NULL, 'APPROVED', '2025-03-26 15:08:38.071000', '2025-05-08 16:50:39.188000', 'RESERVATION_ONETIME', 25),
	(26, NULL, 'APPROVED', '2025-03-26 15:14:57.628000', '2025-04-29 09:30:47.423000', 'RESERVATION_ONETIME', 26),
	(27, NULL, 'APPROVED', '2025-03-26 15:20:07.284000', '2025-04-29 09:30:47.464000', 'RESERVATION_ONETIME', 27),
	(28, NULL, 'APPROVED', '2025-03-26 15:23:26.748000', '2025-05-08 11:30:01.164000', 'RESERVATION_ONETIME', 28),
	(29, NULL, 'APPROVED', '2025-03-26 15:46:25.331000', '2025-05-08 11:30:01.140000', 'RESERVATION_ONETIME', 29),
	(30, NULL, 'APPROVED', '2025-03-26 15:49:32.951000', '2025-03-28 21:52:05.657000', 'RESERVATION_ONETIME', 30),
	(31, NULL, 'APPROVED', '2025-03-26 15:53:38.319000', '2025-05-08 16:44:38.779000', 'RESERVATION_ONETIME', 31),
	(32, NULL, 'PENDING', '2025-03-26 16:47:12.465000', NULL, 'UPDATE_RESERVATION', 32),
	(33, NULL, 'APPROVED', '2025-03-27 10:35:09.452000', '2025-05-08 16:44:38.825000', 'UPDATE_RESERVATION', 33),
	(34, NULL, 'APPROVED', '2025-03-27 11:39:16.810000', '2025-04-04 08:02:17.151000', 'RESERVATION_RECURRING', 34),
	(35, NULL, 'APPROVED', '2025-03-27 11:45:27.737000', '2025-05-08 17:42:59.303000', 'RESERVATION_RECURRING', 35),
	(36, NULL, 'APPROVED', '2025-03-27 14:38:57.321000', '2025-05-09 15:52:08.209000', 'RESERVATION_ONETIME', 36),
	(37, NULL, 'PENDING', '2025-03-27 15:46:52.094000', NULL, 'RESERVATION_RECURRING', 37),
	(40, NULL, 'PENDING', '2025-03-28 02:27:06.149000', NULL, 'UPDATE_RESERVATION', 43),
	(41, NULL, 'APPROVED', '2025-03-28 07:51:15.279000', '2025-03-28 07:51:26.335000', 'RESERVATION_ONETIME', 44),
	(42, NULL, 'APPROVED', '2025-03-28 08:20:51.168000', '2025-04-03 16:32:16.622000', 'RESERVATION_ONETIME', 45),
	(43, NULL, 'APPROVED', '2025-03-29 21:06:09.575000', '2025-05-08 16:50:39.172000', 'RESERVATION_ONETIME', 46),
	(44, NULL, 'APPROVED', '2025-03-31 09:37:15.809000', '2025-05-08 16:50:39.158000', 'RESERVATION_ONETIME', 47),
	(45, NULL, 'PENDING', '2025-04-03 23:35:12.652000', NULL, 'RESERVATION_ONETIME', 48),
	(46, NULL, 'APPROVED', '2025-04-04 08:12:33.171000', '2025-04-04 08:13:33.959000', 'UPDATE_RESERVATION', 49),
	(47, NULL, 'APPROVED', '2025-04-06 09:47:06.064000', '2025-05-08 16:50:39.146000', 'RESERVATION_ONETIME', 50),
	(48, NULL, 'APPROVED', '2025-04-06 09:48:00.615000', '2025-04-06 09:48:07.090000', 'RESERVATION_ONETIME', 51),
	(49, NULL, 'APPROVED', '2025-04-06 09:49:07.182000', '2025-04-06 09:49:14.980000', 'RESERVATION_ONETIME', 52),
	(50, NULL, 'PENDING', '2025-04-06 10:54:40.992000', NULL, 'RESERVATION_ONETIME', 53),
	(51, NULL, 'PENDING', '2025-04-06 14:02:59.220000', NULL, 'RESERVATION_ONETIME', 54),
	(52, NULL, 'PENDING', '2025-04-09 13:58:55.583000', NULL, 'RESERVATION_ONETIME', 55),
	(53, NULL, 'PENDING', '2025-04-09 15:10:43.922000', NULL, 'RESERVATION_ONETIME', 56),
	(54, NULL, 'APPROVED', '2025-04-09 15:32:00.792000', '2025-05-08 16:50:39.127000', 'RESERVATION_RECURRING', 57),
	(55, NULL, 'APPROVED', '2025-04-09 16:33:12.873000', '2025-05-08 16:50:39.105000', 'RESERVATION_RECURRING', 58),
	(56, NULL, 'PENDING', '2025-04-09 16:34:40.165000', NULL, 'RESERVATION_ONETIME', 59),
	(57, NULL, 'CANCELLED', '2025-04-09 16:51:10.395000', NULL, 'RESERVATION_ONETIME', 60),
	(58, NULL, 'CANCELLED', '2025-04-12 21:58:46.280000', NULL, 'RESERVATION_ONETIME', 61),
	(59, NULL, 'APPROVED', '2025-04-13 09:57:02.040000', '2025-04-18 07:57:21.533000', 'RESERVATION_ONETIME', 62),
	(60, NULL, 'APPROVED', '2025-04-16 10:56:08.243000', '2025-04-18 00:02:48.528000', 'RESERVATION_RECURRING', 63),
	(61, NULL, 'APPROVED', '2025-04-16 11:21:38.582000', '2025-04-18 00:04:40.808000', 'RESERVATION_RECURRING', 64),
	(62, NULL, 'APPROVED', '2025-04-24 15:46:30.855000', '2025-04-24 15:49:26.545000', 'RESERVATION_ONETIME', 65),
	(63, NULL, 'PENDING', '2025-04-29 09:29:18.521000', NULL, 'RESERVATION_ONETIME', 66),
	(64, NULL, 'PENDING', '2025-04-29 09:34:35.812000', NULL, 'RESERVATION_ONETIME', 67),
	(65, NULL, 'PENDING', '2025-04-29 09:36:25.241000', NULL, 'RESERVATION_RECURRING', 68),
	(66, NULL, 'APPROVED', '2025-05-08 11:15:08.813000', '2025-05-08 11:15:49.915000', 'RESERVATION_ONETIME', 69),
	(67, NULL, 'APPROVED', '2025-05-08 11:29:22.071000', '2025-05-08 18:05:45.621000', 'RESERVATION_ONETIME', 70),
	(68, NULL, 'APPROVED', '2025-05-08 16:48:45.619000', '2025-05-08 16:50:39.083000', 'RESERVATION_ONETIME', 71),
	(69, NULL, 'PENDING', '2025-05-08 16:57:47.221000', NULL, 'RESERVATION_ONETIME', 72),
	(70, NULL, 'APPROVED', '2025-05-08 17:32:04.043000', '2025-05-09 15:35:38.694000', 'RESERVATION_RECURRING', 73),
	(71, NULL, 'PENDING', '2025-05-08 17:38:51.195000', NULL, 'UPDATE_RESERVATION', 74),
	(72, NULL, 'PENDING', '2025-05-09 06:55:08.640000', NULL, 'RESERVATION_ONETIME', 75),
	(73, NULL, 'APPROVED', '2025-05-09 14:59:44.391000', '2025-05-09 15:34:24.498000', 'RESERVATION_ONETIME', 76),
	(74, NULL, 'PENDING', '2025-05-09 15:50:12.442000', NULL, 'RESERVATION_ONETIME', 77),
	(75, NULL, 'PENDING', '2025-05-10 08:50:22.878000', NULL, 'RESERVATION_ONETIME', 78),
	(76, NULL, 'PENDING', '2025-05-10 08:52:34.145000', NULL, 'RESERVATION_ONETIME', 79),
	(77, NULL, 'PENDING', '2025-05-10 08:53:45.316000', NULL, 'RESERVATION_ONETIME', 80),
	(78, NULL, 'PENDING', '2025-05-10 08:54:33.044000', NULL, 'RESERVATION_ONETIME', 81),
	(79, NULL, 'APPROVED', '2025-05-12 11:08:57.887000', '2025-05-12 12:21:00.534000', 'RESERVATION_ONETIME', 82),
	(80, NULL, 'PENDING', '2025-05-14 02:01:21.231000', NULL, 'RESERVATION_ONETIME', 83),
	(81, NULL, 'PENDING', '2025-05-14 02:06:57.430000', NULL, 'RESERVATION_ONETIME', 84),
	(82, NULL, 'APPROVED', '2025-05-14 14:08:50.586000', '2025-05-14 14:08:57.717000', 'RESERVATION_ONETIME', 85),
	(83, NULL, 'APPROVED', '2025-05-14 14:52:20.721000', '2025-05-14 14:52:32.463000', 'RESERVATION_ONETIME', 86),
	(84, NULL, 'PENDING', '2025-05-15 13:35:31.350000', NULL, 'RESERVATION_ONETIME', 87),
	(85, NULL, 'CANCELLED', '2025-05-15 14:04:17.683000', NULL, 'RESERVATION_ONETIME', 88),
	(86, NULL, 'APPROVED', '2025-05-15 14:49:47.013000', '2025-05-15 14:49:57.471000', 'RESERVATION_ONETIME', 89),
	(87, NULL, 'PENDING', '2025-05-15 16:35:00.840000', NULL, 'RESERVATION_ONETIME', 90),
	(88, NULL, 'APPROVED', '2025-05-16 08:30:33.197000', '2025-05-16 08:31:04.544000', 'RESERVATION_RECURRING', 91);

-- Dumping structure for table ql_datphong.request_form_reservations
CREATE TABLE IF NOT EXISTS `request_form_reservations` (
  `request_form_id` bigint(20) NOT NULL,
  `reservation_id` bigint(20) NOT NULL,
  KEY `FKgn43md1jy3c94uyamonvwebcx` (`reservation_id`),
  KEY `FKgqum23i5l7ebxfmd03ox86knc` (`request_form_id`),
  CONSTRAINT `FKgn43md1jy3c94uyamonvwebcx` FOREIGN KEY (`reservation_id`) REFERENCES `reservation` (`reservation_id`),
  CONSTRAINT `FKgqum23i5l7ebxfmd03ox86knc` FOREIGN KEY (`request_form_id`) REFERENCES `request_form` (`request_form_id`)
) ENGINE=InnoDB DEFAULT CHARSET=utf8mb4 COLLATE=utf8mb4_unicode_ci;

-- Dumping data for table ql_datphong.request_form_reservations: ~125 rows (approximately)
INSERT INTO `request_form_reservations` (`request_form_id`, `reservation_id`) VALUES
	(4, 39),
	(5, 40),
	(5, 41),
	(1, 36),
	(2, 37),
	(3, 38),
	(9, 42),
	(10, 43),
	(11, 44),
	(12, 45),
	(13, 46),
	(14, 41),
	(15, 47),
	(16, 48),
	(17, 49),
	(17, 50),
	(17, 51),
	(17, 52),
	(18, 53),
	(19, 41),
	(20, 54),
	(20, 55),
	(20, 56),
	(20, 57),
	(20, 58),
	(20, 59),
	(20, 60),
	(20, 61),
	(20, 62),
	(20, 63),
	(22, 64),
	(23, 65),
	(24, 66),
	(25, 67),
	(26, 68),
	(27, 69),
	(28, 70),
	(29, 71),
	(30, 72),
	(31, 73),
	(32, 67),
	(33, 64),
	(34, 74),
	(34, 75),
	(34, 76),
	(34, 77),
	(34, 78),
	(34, 79),
	(34, 80),
	(34, 81),
	(34, 82),
	(35, 83),
	(36, 84),
	(37, 85),
	(37, 86),
	(40, 49),
	(41, 87),
	(42, 88),
	(43, 89),
	(44, 90),
	(45, 91),
	(46, 74),
	(46, 75),
	(46, 76),
	(46, 77),
	(46, 78),
	(46, 79),
	(46, 80),
	(47, 92),
	(48, 93),
	(49, 94),
	(50, 95),
	(51, 96),
	(52, 97),
	(53, 98),
	(54, 99),
	(54, 100),
	(54, 101),
	(55, 102),
	(55, 103),
	(55, 104),
	(56, 105),
	(57, 106),
	(58, 107),
	(59, 108),
	(60, 109),
	(60, 110),
	(60, 111),
	(61, 112),
	(61, 113),
	(61, 114),
	(62, 115),
	(63, 116),
	(64, 117),
	(65, 118),
	(65, 119),
	(66, 120),
	(67, 121),
	(68, 122),
	(69, 123),
	(70, 124),
	(70, 125),
	(70, 126),
	(70, 127),
	(70, 128),
	(70, 129),
	(71, 124),
	(72, 130),
	(73, 131),
	(74, 132),
	(75, 133),
	(76, 134),
	(77, 135),
	(78, 136),
	(79, 137),
	(80, 138),
	(81, 139),
	(82, 140),
	(83, 141),
	(84, 142),
	(85, 143),
	(86, 144),
	(87, 145),
	(88, 147),
	(88, 148);

-- Dumping structure for table ql_datphong.request_reservation
CREATE TABLE IF NOT EXISTS `request_reservation` (
  `request_reservation_id` bigint(20) NOT NULL AUTO_INCREMENT,
  `booker_id` bigint(20) NOT NULL,
  `description` varchar(255) DEFAULT NULL,
  `frequency` tinyint(4) DEFAULT NULL,
  `note` varchar(255) DEFAULT NULL,
  `room_id` bigint(20) NOT NULL,
  `time` datetime(6) DEFAULT NULL,
  `time_end` datetime(6) DEFAULT NULL,
  `time_start` datetime(6) DEFAULT NULL,
  `title` varchar(255) DEFAULT NULL,
  PRIMARY KEY (`request_reservation_id`)
) ENGINE=InnoDB AUTO_INCREMENT=92 DEFAULT CHARSET=utf8mb4 COLLATE=utf8mb4_unicode_ci;

-- Dumping data for table ql_datphong.request_reservation: ~84 rows (approximately)
INSERT INTO `request_reservation` (`request_reservation_id`, `booker_id`, `description`, `frequency`, `note`, `room_id`, `time`, `time_end`, `time_start`, `title`) VALUES
	(1, 1, 'kho khan cua hoc', 0, 'mang theo tai lieu tuan truoc', 1, '2025-03-20 15:00:00.000000', '2025-03-21 14:00:00.000000', '2025-03-21 13:00:00.000000', 'Xử lý tồn đọng'),
	(2, 1, 'kho khan cua hoc', 0, 'mang theo tai lieu tuan truoc', 1, '2025-03-22 15:00:00.000000', '2025-03-23 14:00:00.000000', '2025-03-23 13:00:00.000000', 'Giới thiệu về AI'),
	(3, 1, 'kho khan cua hoc', 0, 'mang theo tai lieu tuan truoc', 1, '2025-03-22 15:00:00.000000', '2025-03-24 16:00:00.000000', '2025-03-24 15:00:00.000000', 'Họp đột xuất'),
	(4, 1, 'kho khan cua hoc', 0, 'mang theo tai lieu tuan truoc', 1, '2025-03-22 15:00:00.000000', '2025-03-24 14:00:00.000000', '2025-03-24 13:00:00.000000', 'Đánh giá hiệu suất'),
	(5, 1, 'kho khan cua hoc', 2, 'mang theo tai lieu tuan truoc', 9, '2025-03-22 15:00:00.000000', '2025-03-25 14:00:00.000000', '2025-03-25 13:00:00.000000', 'Đánh giá hiệu suất tháng'),
	(9, 1, 'tốt', 0, 'nộp tài liệu', 3, '2025-03-21 02:26:56.924000', '2025-03-23 08:30:00.000000', '2025-03-23 07:30:00.000000', 'Phân tích rủi ro'),
	(10, 2, 'sak', 0, 'nộp tài liệu', 3, '2025-03-21 02:42:07.462000', '2025-03-24 08:30:00.000000', '2025-03-24 07:30:00.000000', 'Báo cáo KL'),
	(11, 1, 'sak', 0, 'nộp tài liệu', 3, '2025-03-21 03:13:30.220000', '2025-03-22 09:00:00.000000', '2025-03-22 08:30:00.000000', 'Kế hoạch mới'),
	(12, 1, 'sa', 0, 'nộp tài liệu', 3, '2025-03-21 03:17:05.961000', '2025-03-21 09:00:00.000000', '2025-03-21 08:30:00.000000', 'Tổng kết công việc tuần'),
	(13, 1, 'Đem tài liệu', 0, 'Đi đúng giờ', 9, '2025-03-22 13:02:15.406000', '2025-03-27 10:00:00.000000', '2025-03-27 08:00:00.000000', 'Họp nội bộ'),
	(14, 0, NULL, 0, 'Đi đúng giờ', 0, '2025-03-22 15:00:00.000000', '2025-03-26 11:00:00.000000', '2025-03-26 10:00:00.000000', 'Đánh giá hiệu suất tháng'),
	(15, 1, 'Đem tài liệu', 0, 'Đi đúng giờ', 3, '2025-03-24 08:00:07.627000', '2025-03-29 14:30:00.000000', '2025-03-29 13:00:00.000000', 'Khóa luận'),
	(16, 1, 'Cuộc họp quan trọng', 0, 'Đi đúng giờ', 8, '2025-03-24 08:00:54.727000', '2025-03-28 14:30:00.000000', '2025-03-28 13:00:00.000000', 'Báo cáo tài chính'),
	(17, 1, 'Đem tài liệu', 1, 'Đi đúng giờ', 2, '2025-03-24 08:01:50.529000', '2025-03-30 08:30:00.000000', '2025-03-30 08:00:00.000000', 'Báo cáo đầu tuần'),
	(18, 1, 'Cuộc họp quan trọng', 0, 'Đi đúng giờ', 7, '2025-03-24 08:04:12.901000', '2025-03-24 10:30:00.000000', '2025-03-24 09:00:00.000000', 'Phương hướng doanh nghiệp'),
	(19, 0, NULL, 0, 'Đi đúng giờ', 0, '2025-03-22 15:00:00.000000', '2025-03-26 11:00:00.000000', '2025-03-26 10:00:00.000000', 'Đánh giá hiệu suất tháng'),
	(20, 1, 'Đem tài liệu', 1, 'Đi đúng giờ', 8, '2025-03-24 08:43:27.682000', '2025-03-24 12:30:00.000000', '2025-03-24 11:30:00.000000', 'Cuộc họp hằng tuần'),
	(22, 1, 'Rất bổ ích', 0, 'Rất bổ ích', 8, '2025-03-26 12:26:18.964000', '2025-03-28 10:00:00.000000', '2025-03-28 09:30:00.000000', 'Định hướng tương lai'),
	(23, 1, 'Đem tài liệu', 0, 'Đi đúng giờ', 3, '2025-03-26 14:15:37.632000', '2025-03-27 10:30:00.000000', '2025-03-27 09:00:00.000000', 'Phát triển ứng dụng'),
	(24, 1, 'Cuộc họp quan trọng', 0, 'Đi đúng giờ', 10, '2025-03-26 15:02:45.130000', '2025-03-26 16:30:00.000000', '2025-03-26 16:00:00.000000', 'Bổ sung chiến lược'),
	(25, 1, 'Cuộc họp quan trọng', 0, 'Đi đúng giờ', 9, '2025-03-26 15:07:47.985000', '2025-03-27 07:30:00.000000', '2025-03-27 07:00:00.000000', 'Huy động vốn'),
	(26, 1, 'Cuộc họp quan trọng', 0, 'Đi đúng giờ', 10, '2025-03-26 15:13:54.173000', '2025-04-01 10:30:00.000000', '2025-04-01 10:00:00.000000', 'Triển khai dự án'),
	(27, 1, 'Cuộc họp quan trọng', 0, 'Đi đúng giờ', 10, '2025-03-26 15:19:13.781000', '2025-04-01 15:30:00.000000', '2025-04-01 14:30:00.000000', 'Chỉ tiêu bình quân'),
	(28, 1, '', 0, '', 3, '2025-03-26 15:22:35.590000', '2025-03-31 09:30:00.000000', '2025-03-31 08:30:00.000000', 'Hỗ trợ khó khăn'),
	(29, 1, 'Cuộc họp quan trọng', 0, 'Đi đúng giờ', 3, '2025-03-26 15:45:41.631000', '2025-04-01 14:30:00.000000', '2025-04-01 13:30:00.000000', 'Dự án khởi nghiệp'),
	(30, 1, '', 0, '', 3, '2025-03-26 15:48:44.346000', '2025-04-01 08:30:00.000000', '2025-04-01 08:00:00.000000', 'Dự án Ủng hộ người nghèo'),
	(31, 1, '', 0, '', 7, '2025-03-26 15:53:09.853000', '2025-04-02 10:00:00.000000', '2025-04-02 09:30:00.000000', 'Đánh giá năng lực'),
	(32, 0, NULL, 0, '', 0, '2025-03-26 15:07:47.985000', '2025-03-27 07:30:00.000000', '2025-03-27 07:00:00.000000', 'Huy động vốn'),
	(33, 1, 'Rất bổ ích', 0, 'Rất bổ ích', 8, '2025-03-26 12:26:18.964000', '2025-03-28 10:00:00.000000', '2025-03-28 09:30:00.000000', 'Định hướng tương lai'),
	(34, 1, 'Cuộc họp quan trọng', 2, 'Đi đúng giờ', 10, '2025-03-27 11:37:59.395000', '2025-04-02 14:00:00.000000', '2025-04-02 13:00:00.000000', 'Tần suất tháng 4'),
	(35, 1, 'Cuộc họp quan trọng', 1, 'Đi đúng giờ', 7, '2025-03-27 11:43:52.037000', '2025-04-05 14:30:00.000000', '2025-04-05 14:00:00.000000', 'Cung ứng tháng 4'),
	(36, 4, 'Quan trọng ', 0, 'Xem trước tài liệu', 2, '2025-03-27 00:00:00.000000', '2025-04-03 07:30:00.000000', '2025-04-03 07:00:00.000000', 'Họp nhóm cuối tuần'),
	(37, 1, 'Cuộc họp quan trọng', 2, 'Đi đúng giờ', 3, '2025-03-27 15:45:23.368000', '2025-04-07 08:30:00.000000', '2025-04-07 08:00:00.000000', 'Kiểm tra đột xuất'),
	(41, 1, 'Đem tài liệu', 1, 'Đi đúng giờ', 2, '2025-03-24 08:01:50.529000', '2025-03-30 08:30:00.000000', '2025-03-30 08:00:00.000000', 'Báo cáo đầu tuần'),
	(42, 1, 'Đem tài liệu', 1, 'Đi đúng giờ', 2, '2025-03-24 08:01:50.529000', '2025-03-30 08:30:00.000000', '2025-03-30 08:00:00.000000', 'Báo cáo đầu tuần'),
	(43, 1, 'Đem tài liệu', 1, 'Đi đúng giờ', 2, '2025-03-24 08:01:50.529000', '2025-03-30 08:30:00.000000', '2025-03-30 08:00:00.000000', 'Báo cáo đầu tuần'),
	(44, 1, 'Đem tài liệu', 0, 'Đi đúng giờ', 2, '2025-03-28 07:50:48.617000', '2025-03-28 08:30:00.000000', '2025-03-28 08:00:00.000000', 'cáo báo đề tài'),
	(45, 1, '', 0, '', 2, '2025-03-28 00:00:00.000000', '2025-03-28 16:00:00.000000', '2025-03-28 15:00:00.000000', 'Báo cáo tiến độ'),
	(46, 1, '', 0, '', 9, '2025-03-29 21:04:52.812000', '2025-03-30 08:30:00.000000', '2025-03-30 07:30:00.000000', 'Kiểm tra tài chính'),
	(47, 1, '', 0, '', 9, '2025-03-31 09:36:19.520000', '2025-04-02 09:30:00.000000', '2025-04-02 07:30:00.000000', 'họp'),
	(48, 4, '', 0, '', 8, '2025-04-03 00:00:00.000000', '2025-04-10 12:00:00.000000', '2025-04-10 11:00:00.000000', 'Đánh giá'),
	(49, 1, 'Cuộc họp quan trọng', 2, 'Đi đúng giờ', 10, '2025-03-27 11:37:59.395000', '2025-04-02 14:00:00.000000', '2025-04-02 13:00:00.000000', 'Tần suất tháng 4'),
	(50, 1, 'Cuộc họp quan trọng', 0, 'Đi đúng giờ', 9, '2025-04-06 09:46:48.627000', '2025-04-07 09:30:00.000000', '2025-04-07 09:00:00.000000', 'Đánh giá 2'),
	(51, 1, 'Cuộc họp quan trọng', 0, 'Đi đúng giờ', 8, '2025-04-06 09:47:45.458000', '2025-04-07 09:00:00.000000', '2025-04-07 08:30:00.000000', 'Đánh giá 3'),
	(52, 1, 'Đem tài liệu', 0, 'Đi đúng giờ', 8, '2025-04-06 09:48:48.883000', '2025-04-07 10:00:00.000000', '2025-04-07 09:30:00.000000', 'Đánh giá 4'),
	(53, 1, '', 0, '', 2, '2025-04-06 10:54:07.721000', '2025-04-15 09:00:00.000000', '2025-04-15 08:30:00.000000', 'Triển lãm tranh'),
	(54, 1, 'Rất bổ ích', 0, 'Đi đúng giờ', 8, '2025-04-06 14:02:12.219000', '2025-04-09 07:30:00.000000', '2025-04-09 07:00:00.000000', 'Khám phá thế giới'),
	(55, 1, '', 0, '', 2, '2025-04-09 13:58:22.820000', '2025-04-09 15:00:00.000000', '2025-04-09 14:30:00.000000', 'Hoàn vốn'),
	(56, 1, '', 0, '', 7, '2025-04-09 15:09:11.561000', '2025-04-09 16:20:00.000000', '2025-04-09 15:50:00.000000', 'Đấu giá hàng cổ'),
	(57, 1, '', 1, '', 9, '2025-04-09 15:30:14.291000', '2025-04-11 08:00:00.000000', '2025-04-11 07:10:00.000000', 'Kiểm tra năng lực'),
	(58, 1, '', 1, '', 9, '2025-04-09 16:32:26.497000', '2025-04-16 07:40:00.000000', '2025-04-16 07:10:00.000000', 'Du lịch cuối năm'),
	(59, 1, '', 0, '', 8, '2025-04-09 16:34:11.939000', '2025-04-10 09:00:00.000000', '2025-04-10 08:30:00.000000', 'Đấu giá vàng'),
	(60, 1, '', 0, '', 2, '2025-04-09 16:50:32.334000', '2025-04-09 17:30:00.000000', '2025-04-09 17:00:00.000000', 'Hạnh phúc'),
	(61, 1, '', 0, '', 1, '2025-04-12 21:57:50.561000', '2025-04-14 13:30:00.000000', '2025-04-14 13:00:00.000000', 'Đóng góp ý kiến'),
	(62, 3, '', 0, '', 2, '2025-04-13 09:55:45.370000', '2025-04-13 10:40:00.000000', '2025-04-13 10:10:00.000000', 'Nghiên cứu thế giới động vật'),
	(63, 1, '', 1, '', 2, '2025-04-16 10:55:12.940000', '2025-04-16 11:40:00.000000', '2025-04-16 11:10:00.000000', 'Cơ hội việc làm'),
	(64, 1, '', 1, '', 8, '2025-04-16 11:20:52.224000', '2025-04-23 07:30:00.000000', '2025-04-23 07:00:00.000000', 'Lễ hội mùa hè'),
	(65, 1, '', 0, '', 2, '2025-04-24 00:00:00.000000', '2025-04-24 16:30:00.000000', '2025-04-24 16:00:00.000000', 'Ghi chú lịch'),
	(66, 1, '', 0, '', 7, '2025-04-29 09:28:21.000000', '2025-04-29 11:00:00.000000', '2025-04-29 09:40:00.000000', 'Lễ 30/4'),
	(67, 1, '', 0, '', 2, '2025-04-29 09:34:03.110000', '2025-04-29 13:30:00.000000', '2025-04-29 13:00:00.000000', 'Tổ chức kỉ niệm '),
	(68, 1, '', 1, '', 8, '2025-04-29 09:35:33.636000', '2025-05-02 07:30:00.000000', '2025-05-02 07:00:00.000000', 'Hoạt động sau lễ'),
	(69, 1, '', 0, '', 3, '2025-05-08 00:00:00.000000', '2025-05-08 12:00:00.000000', '2025-05-08 11:30:00.000000', 'Check di động'),
	(70, 1, '', 0, '', 7, '2025-05-08 11:28:03.604000', '2025-05-09 08:00:00.000000', '2025-05-09 07:30:00.000000', 'Hội hè'),
	(71, 1, '', 0, '', 9, '2025-05-08 16:48:12.036000', '2025-05-08 17:30:00.000000', '2025-05-08 17:00:00.000000', 'Hoạt động xanh'),
	(72, 4, '', 0, '', 3, '2025-05-08 00:00:00.000000', '2025-05-10 08:20:00.000000', '2025-05-10 07:40:00.000000', 'Mùa hè xanh'),
	(73, 1, '', 1, '', 2, '2025-05-08 17:30:19.474000', '2025-05-12 07:50:00.000000', '2025-05-12 07:20:00.000000', 'Tần suất tháng 5'),
	(74, 1, '', 1, '', 2, '2025-05-08 17:30:19.474000', '2025-05-12 07:50:00.000000', '2025-05-12 07:20:00.000000', 'Tần suất tháng 5'),
	(75, 1, '', 0, '', 9, '2025-05-09 06:54:42.949000', '2025-05-09 08:40:00.000000', '2025-05-09 08:10:00.000000', 'Trại hè'),
	(76, 1, '', 0, '', 8, '2025-05-09 14:59:29.792000', '2025-05-09 16:00:00.000000', '2025-05-09 15:30:00.000000', 'Tiếp nhận hồ sơ'),
	(77, 1, '', 0, '', 9, '2025-05-09 15:49:50.971000', '2025-05-10 10:30:00.000000', '2025-05-10 10:00:00.000000', 'Điều phối'),
	(78, 1, '', 0, '', 2, '2025-05-10 00:00:00.000000', '2025-05-11 07:30:00.000000', '2025-05-11 07:00:00.000000', 'Hội mùa hạ'),
	(79, 1, '', 0, '', 2, '2025-05-10 00:00:00.000000', '2025-05-12 08:30:00.000000', '2025-05-12 08:00:00.000000', 'Trại hè thiếu niên'),
	(80, 1, '', 0, '', 2, '2025-05-10 00:00:00.000000', '2025-05-13 08:40:00.000000', '2025-05-13 08:10:00.000000', 'Chuyển giao kế hoạch '),
	(81, 1, '', 0, '', 7, '2025-05-10 00:00:00.000000', '2025-05-10 09:40:00.000000', '2025-05-10 09:10:00.000000', 'Kế hoạch 1'),
	(82, 1, '', 0, '', 8, '2025-05-12 11:08:16.542000', '2025-05-14 08:20:00.000000', '2025-05-14 07:50:00.000000', 'Đánh giá tháng 5'),
	(83, 1, '', 0, '', 3, '2025-05-13 00:00:00.000000', '2025-05-14 12:30:00.000000', '2025-05-14 12:00:00.000000', 'Trại mùa hè'),
	(84, 1, '', 0, '', 9, '2025-05-13 00:00:00.000000', '2025-05-17 08:30:00.000000', '2025-05-17 08:00:00.000000', 'Tổ chức trại hè'),
	(85, 1, '', 0, '', 2, '2025-05-14 00:00:00.000000', '2025-05-14 14:50:00.000000', '2025-05-14 14:20:00.000000', 'Xây dựng trường '),
	(86, 1, '', 0, '', 2, '2025-05-14 00:00:00.000000', '2025-05-14 15:40:00.000000', '2025-05-14 15:10:00.000000', 'Xây bệnh viện '),
	(87, 4, '', 0, '', 34, '2025-05-15 13:34:47.456000', '2025-05-15 14:20:00.000000', '2025-05-15 13:50:00.000000', 'Ngày mới vui vẻ'),
	(88, 3, '', 0, '', 8, '2025-05-15 14:04:04.408000', '2025-05-15 14:50:00.000000', '2025-05-15 14:20:00.000000', 'Đánh cá biển'),
	(89, 1, '', 0, '', 34, '2025-05-15 00:00:00.000000', '2025-05-15 15:30:00.000000', '2025-05-15 15:00:00.000000', 'Chuyển giao mùa'),
	(90, 3, '', 0, '', 7, '2025-05-15 16:34:48.758000', '2025-05-15 17:20:00.000000', '2025-05-15 16:50:00.000000', 'Kết thúc'),
	(91, 34, '', 2, '', 2, '2025-05-16 08:29:56.890000', '2025-05-17 10:50:00.000000', '2025-05-17 10:20:00.000000', 'báo cáo hàng tuần');

-- Dumping structure for table ql_datphong.request_reservation_employee_ids
CREATE TABLE IF NOT EXISTS `request_reservation_employee_ids` (
  `request_reservation_request_reservation_id` bigint(20) NOT NULL,
  `employee_ids` bigint(20) DEFAULT NULL,
  KEY `FK6mg0270i3c0kisbagweokgy2w` (`request_reservation_request_reservation_id`),
  CONSTRAINT `FK6mg0270i3c0kisbagweokgy2w` FOREIGN KEY (`request_reservation_request_reservation_id`) REFERENCES `request_reservation` (`request_reservation_id`)
) ENGINE=InnoDB DEFAULT CHARSET=utf8mb4 COLLATE=utf8mb4_unicode_ci;

-- Dumping data for table ql_datphong.request_reservation_employee_ids: ~209 rows (approximately)
INSERT INTO `request_reservation_employee_ids` (`request_reservation_request_reservation_id`, `employee_ids`) VALUES
	(1, 4),
	(1, 2),
	(1, 3),
	(2, 4),
	(2, 2),
	(2, 3),
	(3, 4),
	(3, 2),
	(3, 3),
	(4, 4),
	(4, 2),
	(4, 3),
	(5, 4),
	(5, 2),
	(5, 3),
	(9, 5),
	(10, 3),
	(11, 3),
	(12, 3),
	(13, 4),
	(14, 1),
	(14, 2),
	(14, 3),
	(15, 5),
	(16, 18),
	(16, 10),
	(17, 4),
	(17, 12),
	(18, 5),
	(18, 8),
	(18, 4),
	(19, 1),
	(19, 2),
	(20, 2),
	(20, 18),
	(22, 7),
	(22, 5),
	(22, 2),
	(22, 26),
	(22, 23),
	(23, 1),
	(23, 2),
	(24, 1),
	(24, 3),
	(25, 1),
	(25, 6),
	(26, 1),
	(26, 5),
	(26, 7),
	(27, 1),
	(27, 5),
	(28, 1),
	(28, 6),
	(29, 1),
	(29, 6),
	(29, 5),
	(30, 1),
	(30, 4),
	(31, 1),
	(31, 5),
	(33, 7),
	(33, 5),
	(33, 2),
	(33, 26),
	(33, 23),
	(34, 1),
	(34, 3),
	(34, 6),
	(35, 1),
	(35, 4),
	(36, 4),
	(36, 3),
	(36, 1),
	(37, 1),
	(37, 4),
	(41, 4),
	(41, 12),
	(42, 4),
	(42, 12),
	(43, 4),
	(43, 12),
	(44, 1),
	(44, 2),
	(44, 6),
	(45, 1),
	(45, 3),
	(45, 4),
	(46, 1),
	(46, 4),
	(46, 18),
	(46, 19),
	(47, 1),
	(47, 6),
	(47, 17),
	(48, 4),
	(48, 1),
	(49, 1),
	(49, 3),
	(49, 6),
	(50, 1),
	(50, 5),
	(51, 1),
	(51, 5),
	(52, 1),
	(52, 7),
	(53, 1),
	(53, 4),
	(53, 7),
	(54, 1),
	(54, 3),
	(54, 6),
	(54, 7),
	(55, 1),
	(55, 3),
	(55, 5),
	(56, 1),
	(56, 3),
	(56, 6),
	(56, 8),
	(56, 9),
	(57, 1),
	(57, 2),
	(57, 5),
	(58, 1),
	(58, 3),
	(58, 6),
	(58, 8),
	(58, 9),
	(59, 1),
	(59, 4),
	(60, 1),
	(60, 3),
	(60, 5),
	(61, 1),
	(61, 4),
	(62, 3),
	(62, 4),
	(63, 1),
	(63, 22),
	(63, 29),
	(64, 1),
	(64, 8),
	(64, 10),
	(65, 1),
	(65, 2),
	(65, 3),
	(66, 1),
	(66, 3),
	(66, 6),
	(66, 12),
	(67, 1),
	(67, 3),
	(67, 6),
	(68, 1),
	(68, 2),
	(68, 7),
	(69, 1),
	(69, 3),
	(69, 4),
	(70, 1),
	(70, 6),
	(70, 9),
	(71, 1),
	(71, 5),
	(72, 4),
	(72, 3),
	(72, 1),
	(73, 1),
	(73, 4),
	(73, 7),
	(73, 26),
	(74, 1),
	(74, 4),
	(74, 7),
	(74, 26),
	(75, 1),
	(75, 4),
	(76, 1),
	(76, 10),
	(77, 1),
	(77, 7),
	(78, 1),
	(78, 3),
	(79, 1),
	(79, 9),
	(80, 1),
	(80, 4),
	(81, 1),
	(81, 5),
	(82, 1),
	(82, 6),
	(82, 9),
	(82, 11),
	(83, 1),
	(83, 2),
	(84, 1),
	(84, 4),
	(85, 1),
	(85, 3),
	(86, 1),
	(86, 4),
	(87, 4),
	(87, 5),
	(88, 3),
	(88, 7),
	(89, 1),
	(89, 6),
	(90, 3),
	(91, 34);

-- Dumping structure for table ql_datphong.request_reservation_file_paths
CREATE TABLE IF NOT EXISTS `request_reservation_file_paths` (
  `request_reservation_request_reservation_id` bigint(20) NOT NULL,
  `file_paths` varchar(255) DEFAULT NULL,
  KEY `FK24et6fkmono2ad04j18nv1o75` (`request_reservation_request_reservation_id`),
  CONSTRAINT `FK24et6fkmono2ad04j18nv1o75` FOREIGN KEY (`request_reservation_request_reservation_id`) REFERENCES `request_reservation` (`request_reservation_id`)
) ENGINE=InnoDB DEFAULT CHARSET=utf8mb4 COLLATE=utf8mb4_unicode_ci;

-- Dumping data for table ql_datphong.request_reservation_file_paths: ~25 rows (approximately)
INSERT INTO `request_reservation_file_paths` (`request_reservation_request_reservation_id`, `file_paths`) VALUES
	(1, 'file1'),
	(1, 'file2'),
	(2, 'file1'),
	(2, 'file2'),
	(3, 'file1'),
	(3, 'file2'),
	(4, 'file1'),
	(4, 'file2'),
	(5, 'file1'),
	(5, 'file2'),
	(9, 'C:\\fakepath\\Screenshot 2025-02-09 105805.png'),
	(10, 'C:\\fakepath\\Screenshot 2025-02-09 105805.png'),
	(11, 'C:\\fakepath\\Screenshot 2025-02-09 105805.png'),
	(12, 'C:\\fakepath\\Screenshot 2025-02-09 091803.png'),
	(14, 'file1'),
	(14, 'file2'),
	(19, 'file1'),
	(19, 'file2'),
	(20, 'C:\\fakepath\\Screenshot 2025-01-23 203418.png'),
	(22, 'C:\\fakepath\\Screenshot 2025-02-06 110840.png'),
	(24, 'C:\\fakepath\\dac-ta-usecase.docx'),
	(33, 'C:\\fakepath\\Screenshot 2025-02-06 110840.png'),
	(36, '1'),
	(45, '1'),
	(82, 'C:\\fakepath\\01_KLTN.docx');

-- Dumping structure for table ql_datphong.request_reservation_service_ids
CREATE TABLE IF NOT EXISTS `request_reservation_service_ids` (
  `request_reservation_request_reservation_id` bigint(20) NOT NULL,
  `service_ids` bigint(20) DEFAULT NULL,
  KEY `FKh8f65v65tge9ikupt91pa2hy8` (`request_reservation_request_reservation_id`),
  CONSTRAINT `FKh8f65v65tge9ikupt91pa2hy8` FOREIGN KEY (`request_reservation_request_reservation_id`) REFERENCES `request_reservation` (`request_reservation_id`)
) ENGINE=InnoDB DEFAULT CHARSET=utf8mb4 COLLATE=utf8mb4_unicode_ci;

-- Dumping data for table ql_datphong.request_reservation_service_ids: ~72 rows (approximately)
INSERT INTO `request_reservation_service_ids` (`request_reservation_request_reservation_id`, `service_ids`) VALUES
	(1, 1),
	(1, 2),
	(2, 1),
	(2, 2),
	(3, 1),
	(3, 2),
	(4, 1),
	(4, 2),
	(5, 1),
	(5, 2),
	(9, 2),
	(10, 2),
	(10, 4),
	(11, 3),
	(12, 3),
	(13, 2),
	(13, 1),
	(13, 3),
	(14, 1),
	(14, 2),
	(15, 3),
	(15, 5),
	(16, 5),
	(18, 7),
	(18, 2),
	(18, 1),
	(19, 1),
	(19, 2),
	(19, 4),
	(19, 7),
	(20, 2),
	(20, 4),
	(22, 3),
	(22, 5),
	(22, 8),
	(24, 2),
	(25, 4),
	(26, 3),
	(27, 2),
	(29, 4),
	(32, 4),
	(32, 1),
	(33, 3),
	(33, 5),
	(33, 8),
	(33, 4),
	(34, 3),
	(34, 4),
	(34, 5),
	(35, 5),
	(36, 1),
	(37, 4),
	(49, 3),
	(49, 4),
	(49, 5),
	(60, 2),
	(60, 3),
	(61, 1),
	(62, 2),
	(63, 1),
	(63, 2),
	(65, 1),
	(67, 2),
	(67, 4),
	(69, 1),
	(70, 2),
	(70, 3),
	(70, 4),
	(72, 3),
	(82, 4),
	(82, 1),
	(84, 1);

-- Dumping structure for table ql_datphong.request_reservation_time_finish_frequency
CREATE TABLE IF NOT EXISTS `request_reservation_time_finish_frequency` (
  `request_reservation_request_reservation_id` bigint(20) NOT NULL,
  `time_finish_frequency` datetime(6) DEFAULT NULL,
  KEY `FKa0p9flnsdheg6oxuu4c7njldx` (`request_reservation_request_reservation_id`),
  CONSTRAINT `FKa0p9flnsdheg6oxuu4c7njldx` FOREIGN KEY (`request_reservation_request_reservation_id`) REFERENCES `request_reservation` (`request_reservation_id`)
) ENGINE=InnoDB DEFAULT CHARSET=utf8mb4 COLLATE=utf8mb4_unicode_ci;

-- Dumping data for table ql_datphong.request_reservation_time_finish_frequency: ~139 rows (approximately)
INSERT INTO `request_reservation_time_finish_frequency` (`request_reservation_request_reservation_id`, `time_finish_frequency`) VALUES
	(1, '2025-03-22 21:00:00.000000'),
	(2, '2025-03-22 21:00:00.000000'),
	(3, '2025-03-22 21:00:00.000000'),
	(4, '2025-03-22 21:00:00.000000'),
	(5, '2025-03-25 21:00:00.000000'),
	(5, '2025-03-26 21:00:00.000000'),
	(15, '2025-03-24 07:00:00.000000'),
	(16, '2025-03-24 07:00:00.000000'),
	(17, '2025-03-24 07:00:00.000000'),
	(17, '2025-03-27 07:00:00.000000'),
	(17, '2025-03-29 07:00:00.000000'),
	(17, '2025-03-30 07:00:00.000000'),
	(18, '2025-03-24 07:00:00.000000'),
	(20, '2025-03-25 07:00:00.000000'),
	(20, '2025-03-26 07:00:00.000000'),
	(20, '2025-03-28 07:00:00.000000'),
	(20, '2025-03-29 07:00:00.000000'),
	(20, '2025-03-30 07:00:00.000000'),
	(20, '2025-04-01 07:00:00.000000'),
	(20, '2025-04-02 07:00:00.000000'),
	(20, '2025-04-03 07:00:00.000000'),
	(20, '2025-04-04 07:00:00.000000'),
	(20, '2025-04-05 07:00:00.000000'),
	(23, '2025-03-27 08:00:00.000000'),
	(24, '2025-03-26 07:00:00.000000'),
	(25, '2025-03-27 07:00:00.000000'),
	(26, '2025-04-01 10:00:00.000000'),
	(27, '2025-04-01 14:00:00.000000'),
	(28, '2025-03-31 08:30:00.000000'),
	(29, '2025-04-01 13:30:00.000000'),
	(30, '2025-04-01 08:00:00.000000'),
	(31, '2025-04-02 08:30:00.000000'),
	(34, '2025-04-02 07:00:00.000000'),
	(34, '2025-04-03 07:00:00.000000'),
	(34, '2025-04-04 07:00:00.000000'),
	(34, '2025-04-05 07:00:00.000000'),
	(34, '2025-04-06 07:00:00.000000'),
	(34, '2025-04-07 07:00:00.000000'),
	(34, '2025-04-08 07:00:00.000000'),
	(34, '2025-04-09 07:00:00.000000'),
	(34, '2025-04-10 07:00:00.000000'),
	(35, '2025-04-05 07:00:00.000000'),
	(36, '2025-04-03 07:00:00.000000'),
	(37, '2025-04-07 07:00:00.000000'),
	(37, '2025-04-14 07:00:00.000000'),
	(41, '2025-03-24 07:00:00.000000'),
	(41, '2025-03-27 07:00:00.000000'),
	(41, '2025-03-29 07:00:00.000000'),
	(41, '2025-03-30 07:00:00.000000'),
	(41, '2025-03-31 07:00:00.000000'),
	(41, '2025-04-01 07:00:00.000000'),
	(41, '2025-04-02 07:00:00.000000'),
	(41, '2025-04-03 07:00:00.000000'),
	(42, '2025-03-24 07:00:00.000000'),
	(42, '2025-03-27 07:00:00.000000'),
	(42, '2025-03-29 07:00:00.000000'),
	(42, '2025-03-30 07:00:00.000000'),
	(42, '2025-03-31 07:00:00.000000'),
	(42, '2025-04-01 07:00:00.000000'),
	(42, '2025-04-02 07:00:00.000000'),
	(43, '2025-03-24 07:00:00.000000'),
	(43, '2025-03-27 07:00:00.000000'),
	(43, '2025-03-29 07:00:00.000000'),
	(43, '2025-03-30 07:00:00.000000'),
	(43, '2025-03-31 07:00:00.000000'),
	(43, '2025-04-01 07:00:00.000000'),
	(44, '2025-03-28 07:00:00.000000'),
	(45, '2025-03-28 09:00:00.000000'),
	(46, '2025-03-30 07:30:00.000000'),
	(47, '2025-04-02 07:30:00.000000'),
	(48, '2025-04-04 11:00:00.000000'),
	(49, '2025-04-02 07:00:00.000000'),
	(49, '2025-04-03 07:00:00.000000'),
	(49, '2025-04-04 07:00:00.000000'),
	(49, '2025-04-05 07:00:00.000000'),
	(49, '2025-04-06 07:00:00.000000'),
	(49, '2025-04-07 07:00:00.000000'),
	(49, '2025-04-08 07:00:00.000000'),
	(50, '2025-04-07 07:00:00.000000'),
	(51, '2025-04-07 07:00:00.000000'),
	(52, '2025-04-07 07:00:00.000000'),
	(53, '2025-04-15 07:00:00.000000'),
	(54, '2025-04-09 07:00:00.000000'),
	(55, '2025-04-09 07:00:00.000000'),
	(56, '2025-04-09 07:00:00.000000'),
	(57, '2025-04-11 07:00:00.000000'),
	(57, '2025-04-12 07:00:00.000000'),
	(57, '2025-04-13 07:00:00.000000'),
	(58, '2025-04-16 07:00:00.000000'),
	(58, '2025-04-17 07:00:00.000000'),
	(58, '2025-04-18 07:00:00.000000'),
	(59, '2025-04-10 07:00:00.000000'),
	(60, '2025-04-09 07:00:00.000000'),
	(61, '2025-04-14 07:00:00.000000'),
	(62, '2025-04-13 07:00:00.000000'),
	(63, '2025-04-16 07:00:00.000000'),
	(63, '2025-04-17 07:00:00.000000'),
	(63, '2025-04-18 07:00:00.000000'),
	(64, '2025-04-23 07:00:00.000000'),
	(64, '2025-04-24 07:00:00.000000'),
	(64, '2025-04-25 07:00:00.000000'),
	(65, '2025-04-24 16:00:00.000000'),
	(66, '2025-04-29 07:00:00.000000'),
	(67, '2025-04-29 07:00:00.000000'),
	(68, '2025-05-02 07:00:00.000000'),
	(68, '2025-05-03 07:00:00.000000'),
	(69, '2025-05-08 11:30:00.000000'),
	(70, '2025-05-09 07:00:00.000000'),
	(71, '2025-05-08 07:00:00.000000'),
	(72, '2025-05-10 07:40:00.000000'),
	(73, '2025-05-12 07:00:00.000000'),
	(73, '2025-05-13 07:00:00.000000'),
	(73, '2025-05-14 07:00:00.000000'),
	(73, '2025-05-15 07:00:00.000000'),
	(73, '2025-05-16 07:00:00.000000'),
	(73, '2025-05-17 07:00:00.000000'),
	(74, '2025-05-12 07:00:00.000000'),
	(74, '2025-05-13 07:00:00.000000'),
	(74, '2025-05-14 07:00:00.000000'),
	(74, '2025-05-15 07:00:00.000000'),
	(74, '2025-05-16 07:00:00.000000'),
	(75, '2025-05-09 07:00:00.000000'),
	(76, '2025-05-09 07:00:00.000000'),
	(77, '2025-05-10 07:00:00.000000'),
	(78, '2025-05-11 07:00:00.000000'),
	(79, '2025-05-12 08:00:00.000000'),
	(80, '2025-05-13 08:10:00.000000'),
	(81, '2025-05-10 09:10:00.000000'),
	(82, '2025-05-14 07:00:00.000000'),
	(83, '2025-05-14 12:00:00.000000'),
	(84, '2025-05-17 08:00:00.000000'),
	(85, '2025-05-14 14:20:00.000000'),
	(86, '2025-05-14 15:10:00.000000'),
	(87, '2025-05-15 07:00:00.000000'),
	(88, '2025-05-15 07:00:00.000000'),
	(89, '2025-05-15 15:00:00.000000'),
	(90, '2025-05-15 07:00:00.000000'),
	(91, '2025-05-17 07:00:00.000000'),
	(91, '2025-05-24 07:00:00.000000');

-- Dumping structure for table ql_datphong.reservation
CREATE TABLE IF NOT EXISTS `reservation` (
  `reservation_id` bigint(20) NOT NULL AUTO_INCREMENT,
  `booker_id` bigint(20) DEFAULT NULL,
  `description` varchar(255) DEFAULT NULL,
  `frequency` enum('DAILY','ONE_TIME','WEEKLY') DEFAULT NULL,
  `note` varchar(255) DEFAULT NULL,
  `status_reservation` enum('CANCELED','CHECKED_IN','COMPLETED','WAITING','PENDING','NOT_CHECKED_IN') DEFAULT NULL,
  `time` datetime(6) DEFAULT NULL,
  `time_check_in` datetime(6) DEFAULT NULL,
  `time_check_out` datetime(6) DEFAULT NULL,
  `time_end` datetime(6) DEFAULT NULL,
  `time_start` datetime(6) DEFAULT NULL,
  `title` varchar(255) DEFAULT NULL,
  `total` int(11) NOT NULL,
  `cancle_reservation_id` bigint(20) DEFAULT NULL,
  `room_id` bigint(20) DEFAULT NULL,
  `time_approve` datetime(6) DEFAULT NULL,
  `time_cancel` datetime(6) DEFAULT NULL,
  `time_payment` datetime(6) DEFAULT NULL,
  PRIMARY KEY (`reservation_id`),
  UNIQUE KEY `UKj5gdk59td4xcakbprt8kt1e4m` (`cancle_reservation_id`),
  KEY `FK6p46jda7n10vl4kr1n0c6et6v` (`booker_id`),
  KEY `FKm8xumi0g23038cw32oiva2ymw` (`room_id`),
  CONSTRAINT `FK6p46jda7n10vl4kr1n0c6et6v` FOREIGN KEY (`booker_id`) REFERENCES `employee` (`employee_id`),
  CONSTRAINT `FKlqrdx9b1dwg69ldb480uok3w2` FOREIGN KEY (`cancle_reservation_id`) REFERENCES `cancel_reservation` (`cancel_id`),
  CONSTRAINT `FKm8xumi0g23038cw32oiva2ymw` FOREIGN KEY (`room_id`) REFERENCES `room` (`room_id`)
) ENGINE=InnoDB AUTO_INCREMENT=149 DEFAULT CHARSET=utf8mb4 COLLATE=utf8mb4_unicode_ci;

-- Dumping data for table ql_datphong.reservation: ~148 rows (approximately)
INSERT INTO `reservation` (`reservation_id`, `booker_id`, `description`, `frequency`, `note`, `status_reservation`, `time`, `time_check_in`, `time_check_out`, `time_end`, `time_start`, `title`, `total`, `cancle_reservation_id`, `room_id`, `time_approve`, `time_cancel`, `time_payment`) VALUES
	(1, 1, ' ', 'ONE_TIME', '1', 'COMPLETED', '2025-02-28 01:35:28.000000', '2025-02-28 08:30:00.000000', '2025-02-28 10:00:00.000000', '2025-02-28 10:00:00.000000', '2025-02-28 08:30:00.000000', 'Nghiên cứu khoa học', 200000, NULL, 1, '2025-03-17 10:06:10.456000', NULL, NULL),
	(2, 3, ' ', 'ONE_TIME', 'a', 'COMPLETED', '2025-02-28 01:35:28.000000', '2025-03-01 08:30:00.000000', '2025-03-01 10:00:00.000000', '2025-03-01 10:00:00.000000', '2025-03-01 08:30:00.000000', 'Kế hoạch truyền thông', 250000, NULL, 1, '2025-03-17 10:06:10.548000', NULL, NULL),
	(3, 1, ' ', 'ONE_TIME', 'a', 'WAITING', '2025-02-28 01:35:28.000000', '2025-03-02 08:30:00.000000', '2025-03-02 10:00:00.000000', '2025-03-02 10:00:00.000000', '2025-03-02 08:30:00.000000', 'Báo cáo hệ thống', 150000, NULL, 1, '2025-02-28 01:39:28.000000', NULL, NULL),
	(4, 3, ' ', 'ONE_TIME', 'a', 'COMPLETED', '2025-02-28 01:35:28.000000', '2025-03-03 08:30:00.000000', '2025-03-03 10:00:00.000000', '2025-03-03 10:00:00.000000', '2025-03-03 08:30:00.000000', 'Báo cáo tuần ', 150000, NULL, 4, '2025-02-28 01:39:28.000000', NULL, NULL),
	(5, 1, ' ', 'ONE_TIME', 'a', 'COMPLETED', '2025-02-28 01:35:28.000000', '2025-03-04 08:30:00.000000', '2025-03-04 10:00:00.000000', '2025-03-04 10:00:00.000000', '2025-03-04 08:30:00.000000', 'Báo cáo quý', 150000, NULL, 1, '2025-02-28 01:39:28.000000', NULL, NULL),
	(6, 1, ' ', 'ONE_TIME', 'a', 'COMPLETED', '2025-02-28 01:35:28.000000', '2025-03-05 08:30:00.000000', '2025-03-05 10:00:00.000000', '2025-03-05 10:00:00.000000', '2025-03-05 08:30:00.000000', 'Tổng kết quý', 150000, NULL, 2, '2025-02-28 01:39:28.000000', NULL, NULL),
	(7, 1, ' ', 'ONE_TIME', '1', 'COMPLETED', '2025-02-28 01:35:28.000000', '2025-03-06 08:30:00.000000', '2025-03-06 10:00:00.000000', '2025-03-06 10:00:00.000000', '2025-03-06 08:30:00.000000', 'Lên kế hoạch tổng thu', 150000, NULL, 1, '2025-02-28 01:39:28.000000', NULL, NULL),
	(8, 1, ' ', 'ONE_TIME', '1', 'COMPLETED', '2025-02-28 01:35:28.000000', '2025-03-07 08:30:00.000000', '2025-03-07 10:00:00.000000', '2025-03-07 10:00:00.000000', '2025-03-07 08:30:00.000000', 'Chốt vấn đề cần thiết', 150000, NULL, 1, '2025-02-28 01:39:28.000000', NULL, NULL),
	(9, 1, ' ', 'ONE_TIME', '11', 'NOT_CHECKED_IN', '2025-02-28 01:35:28.000000', '2025-03-08 08:30:00.000000', '2025-03-08 10:00:00.000000', '2025-03-08 10:00:00.000000', '2025-03-08 08:30:00.000000', 'Khó khăn về việc học', 150000, NULL, 3, '2025-02-28 01:39:28.000000', NULL, NULL),
	(10, 1, ' ', 'ONE_TIME', '1', 'COMPLETED', '2025-02-28 01:35:28.000000', '2025-03-09 08:30:00.000000', '2025-03-09 10:00:00.000000', '2025-03-09 10:00:00.000000', '2025-03-09 08:30:00.000000', 'Cách tận dụng AI', 150000, NULL, 3, '2025-02-28 01:39:28.000000', NULL, NULL),
	(11, 5, ' ', 'ONE_TIME', '1', 'WAITING', '2025-02-28 01:35:28.000000', '2025-03-10 08:30:00.000000', '2025-03-10 10:00:00.000000', '2025-03-10 10:00:00.000000', '2025-03-10 08:30:00.000000', 'Sự mơ hồ trong công việc', 150000, NULL, 3, '2025-02-28 01:39:28.000000', NULL, NULL),
	(12, 1, ' ', 'ONE_TIME', '1', 'WAITING', '2025-02-28 01:35:28.000000', '2025-03-11 08:30:00.000000', '2025-03-11 10:00:00.000000', '2025-03-11 10:00:00.000000', '2025-03-11 08:30:00.000000', 'Cách khai thác IDE', 150000, NULL, 1, '2025-02-28 01:39:28.000000', NULL, NULL),
	(13, 1, ' ', 'ONE_TIME', '1', 'WAITING', '2025-02-28 01:35:28.000000', '2025-03-12 08:30:00.000000', '2025-03-12 10:00:00.000000', '2025-03-12 10:00:00.000000', '2025-03-12 08:30:00.000000', 'Tổng kết cả năm', 150000, NULL, 1, '2025-02-28 01:39:28.000000', NULL, NULL),
	(14, 1, ' ', 'ONE_TIME', '1', 'WAITING', '2025-02-28 01:35:28.000000', '2025-03-12 10:30:00.000000', '2025-03-12 11:00:00.000000', '2025-03-12 11:00:00.000000', '2025-03-12 10:30:00.000000', 'Thường tuần', 150000, NULL, 1, '2025-02-28 01:39:28.000000', NULL, NULL),
	(15, 2, ' ', 'ONE_TIME', '1', 'COMPLETED', '2025-02-28 01:35:28.000000', '2025-03-12 14:30:00.000000', '2025-03-12 16:00:00.000000', '2025-03-12 16:00:00.000000', '2025-03-12 14:30:00.000000', 'Lên kế hoạch thu chi', 150000, NULL, 1, '2025-02-28 01:39:28.000000', NULL, NULL),
	(16, 1, 'phan bo tai chinh', 'DAILY', NULL, 'WAITING', '2025-03-16 15:00:00.000000', NULL, NULL, '2025-03-16 17:00:00.000000', '2025-03-16 16:00:00.000000', 'Kế hoạch triển khai', 6125, NULL, 1, '2025-03-16 15:06:00.000000', NULL, NULL),
	(17, 1, 'phan bo tai chinh', 'DAILY', NULL, 'WAITING', '2025-03-16 15:00:00.000000', NULL, NULL, '2025-03-17 17:00:00.000000', '2025-03-17 16:00:00.000000', 'Kế hoạch kinh doanh', 6125, NULL, 1, '2025-03-16 15:06:00.000000', NULL, NULL),
	(18, 1, 'phan bo tai chinh', 'DAILY', NULL, 'WAITING', '2025-03-16 15:00:00.000000', NULL, NULL, '2025-03-18 17:00:00.000000', '2025-03-18 16:00:00.000000', 'Tổng kết cả năm', 6125, NULL, 1, '2025-03-16 15:06:00.000000', NULL, NULL),
	(19, 1, 'phan bo tai chinh', 'DAILY', NULL, 'COMPLETED', '2025-03-16 15:00:00.000000', NULL, NULL, '2025-03-19 17:00:00.000000', '2025-03-19 16:00:00.000000', 'Kế hoạch kinh doanh', 6125, NULL, 1, '2025-03-17 06:10:26.145000', NULL, NULL),
	(20, 1, 'tốt', 'ONE_TIME', NULL, 'WAITING', '2025-03-16 16:52:12.395000', NULL, NULL, '2025-03-19 09:00:00.000000', '2025-03-19 07:30:00.000000', 'Tính chi thu', 92025, NULL, 12, '2025-03-16 16:53:12.395000', NULL, NULL),
	(21, 1, 'tốt', 'ONE_TIME', NULL, 'WAITING', '2025-03-16 16:55:39.204000', NULL, NULL, '2025-03-16 14:00:00.000000', '2025-03-16 07:00:00.000000', 'Họp hội đồng', 420100, NULL, 12, '2025-03-16 16:56:12.395000', NULL, NULL),
	(22, 1, '', 'DAILY', NULL, 'WAITING', '2025-03-17 01:35:44.442000', NULL, NULL, '2025-03-18 17:30:00.000000', '2025-03-18 14:30:00.000000', 'Khảo sát', 182000, NULL, 12, NULL, NULL, NULL),
	(23, 1, '', 'DAILY', NULL, 'WAITING', '2025-03-17 01:35:44.442000', NULL, NULL, '2025-03-19 17:30:00.000000', '2025-03-19 14:30:00.000000', 'Môi trường', 182000, NULL, 12, NULL, NULL, NULL),
	(24, 1, 'kế hoạch cuối kỳ', 'WEEKLY', NULL, 'WAITING', '2025-03-17 08:33:47.664000', NULL, NULL, '2025-03-18 09:00:00.000000', '2025-03-18 07:30:00.000000', 'Thống nhất kế hoạch', 12800, NULL, 2, NULL, NULL, NULL),
	(25, 1, 'kế hoạch cuối kỳ', 'WEEKLY', NULL, 'WAITING', '2025-03-17 08:33:47.664000', NULL, NULL, '2025-03-25 09:00:00.000000', '2025-03-25 07:30:00.000000', 'Thống nhất kế hoạch', 12800, NULL, 2, NULL, NULL, NULL),
	(26, 1, 'tốt', 'DAILY', NULL, 'WAITING', '2025-03-17 10:15:34.872000', NULL, NULL, '2025-03-21 09:00:00.000000', '2025-03-21 08:00:00.000000', 'Báo cáo định kỳ', 64000, NULL, 12, NULL, NULL, NULL),
	(27, 1, 'tốt', 'DAILY', NULL, 'WAITING', '2025-03-17 10:15:34.872000', NULL, NULL, '2025-03-22 09:00:00.000000', '2025-03-22 08:00:00.000000', 'Báo cáo định kỳ', 64000, NULL, 12, NULL, NULL, NULL),
	(28, 1, 'tốt', 'DAILY', NULL, 'WAITING', '2025-03-17 10:15:34.872000', NULL, NULL, '2025-03-23 09:00:00.000000', '2025-03-23 08:00:00.000000', 'Báo cáo định kỳ', 64000, NULL, 12, NULL, NULL, NULL),
	(29, 1, 'tốt', 'ONE_TIME', NULL, 'WAITING', '2025-03-20 09:09:10.946000', NULL, NULL, '2025-03-21 09:00:00.000000', '2025-03-21 07:30:00.000000', 'Họp nhóm kế hoạch', 11700100, NULL, 22, NULL, NULL, NULL),
	(30, 1, 'tốt', 'ONE_TIME', 'đi', 'WAITING', '2025-03-20 12:21:36.674000', NULL, NULL, '2025-03-17 12:30:00.000000', '2025-03-17 08:30:00.000000', 'Họp nhóm', 31202100, NULL, 22, NULL, NULL, NULL),
	(31, 1, 'sa', 'ONE_TIME', NULL, 'WAITING', '2025-03-20 12:25:50.841000', NULL, NULL, '2025-03-20 08:30:00.000000', '2025-03-20 08:00:00.000000', 'Họp định hướng phát triển quý', 32000, NULL, 12, NULL, NULL, NULL),
	(32, 1, ' tốt', 'ONE_TIME', NULL, 'WAITING', '2025-03-20 12:29:03.415000', NULL, NULL, '2025-03-20 15:00:00.000000', '2025-03-20 13:30:00.000000', 'Xử lý vấn đề nội bộ', 32000, NULL, 21, NULL, NULL, NULL),
	(33, 1, 'ta', 'ONE_TIME', NULL, 'WAITING', '2025-03-20 13:04:27.159000', NULL, NULL, '2025-03-20 09:00:00.000000', '2025-03-20 08:30:00.000000', 'Cuộc họp khởi động chiến dịch mới', 30025, NULL, 19, NULL, NULL, NULL),
	(34, 1, 'tt', 'ONE_TIME', NULL, 'WAITING', '2025-03-20 13:16:10.429000', NULL, NULL, '2025-03-20 09:30:00.000000', '2025-03-20 09:00:00.000000', 'Thảo luận ý tưởng sản phẩm mới', 30025, NULL, 19, NULL, NULL, NULL),
	(35, 1, 'iiii', 'ONE_TIME', NULL, 'WAITING', '2025-03-20 14:21:26.400000', NULL, NULL, '2025-03-20 10:00:00.000000', '2025-03-20 09:30:00.000000', 'Cập nhật tiến độ công việc nhóm', 3630, NULL, 2, NULL, NULL, NULL),
	(36, 1, 'kho khan cua hoc', 'ONE_TIME', NULL, 'WAITING', '2025-03-20 15:00:00.000000', NULL, NULL, '2025-03-21 14:00:00.000000', '2025-03-21 13:00:00.000000', 'Xử lý tồn đọng', 150125, NULL, 1, NULL, NULL, NULL),
	(37, 1, 'kho khan cua hoc', 'ONE_TIME', NULL, 'WAITING', '2025-03-22 15:00:00.000000', NULL, NULL, '2025-03-22 14:00:00.000000', '2025-03-23 13:00:00.000000', 'Giới thiệu về AI', -137875, NULL, 1, NULL, NULL, NULL),
	(38, 1, 'kho khan cua hoc', 'ONE_TIME', NULL, 'WAITING', '2025-03-22 15:00:00.000000', NULL, NULL, '2025-03-24 16:00:00.000000', '2025-03-24 15:00:00.000000', 'Họp đột xuất', 6125, NULL, 1, NULL, NULL, NULL),
	(39, 1, 'kho khan cua hoc', 'ONE_TIME', NULL, 'WAITING', '2025-03-22 15:00:00.000000', NULL, NULL, '2025-03-24 14:00:00.000000', '2025-03-24 13:00:00.000000', 'Đánh giá hiệu suất', 6125, NULL, 1, NULL, NULL, NULL),
	(40, 1, 'kho khan cua hoc', 'WEEKLY', NULL, 'WAITING', '2025-03-22 15:00:00.000000', NULL, NULL, '2025-03-25 14:00:00.000000', '2025-03-25 13:00:00.000000', 'Đánh giá hiệu suất tháng', 6125, NULL, 9, NULL, NULL, NULL),
	(41, 1, 'kho khan cua hoc', 'WEEKLY', 'Đi đúng giờ', 'WAITING', '2025-03-22 15:00:00.000000', NULL, NULL, '2025-03-26 11:00:00.000000', '2025-03-26 10:00:00.000000', 'Đánh giá hiệu suất tháng', 6125, NULL, 9, NULL, NULL, NULL),
	(42, 1, 'tốt', 'ONE_TIME', NULL, 'WAITING', '2025-03-21 02:26:56.924000', NULL, NULL, '2025-03-23 10:30:00.000000', '2025-03-23 08:30:00.000000', 'Phân tích rủi ro', -7775, NULL, 3, NULL, NULL, NULL),
	(43, 3, 'sak', 'ONE_TIME', NULL, 'WAITING', '2025-03-21 02:42:07.462000', NULL, NULL, '2025-03-24 07:30:00.000000', '2025-03-24 08:30:00.000000', 'Báo cáo KL', -7745, NULL, 3, NULL, NULL, NULL),
	(44, 1, 'sak', 'ONE_TIME', NULL, 'COMPLETED', '2025-03-21 03:13:30.220000', NULL, NULL, '2025-03-22 09:00:00.000000', '2025-03-22 08:30:00.000000', 'Kế hoạch mới', 5900, NULL, 3, NULL, NULL, NULL),
	(45, 1, 'sa', 'ONE_TIME', NULL, 'WAITING', '2025-03-21 03:17:05.961000', NULL, NULL, '2025-03-21 09:00:00.000000', '2025-03-21 08:30:00.000000', 'Tổng kết công việc tuần', 5900, NULL, 3, NULL, NULL, NULL),
	(46, 2, 'Đem tài liệu', 'ONE_TIME', NULL, 'NOT_CHECKED_IN', '2025-03-22 13:02:15.406000', NULL, NULL, '2025-03-27 17:00:00.000000', '2025-03-27 15:00:00.000000', 'Họp nội bộ', 312000, NULL, 9, NULL, NULL, NULL),
	(47, 1, 'Đem tài liệu', 'ONE_TIME', 'note', 'WAITING', '2025-03-24 08:00:07.627000', NULL, NULL, '2025-03-29 13:30:00.000000', '2025-03-29 12:00:00.000000', 'Khóa luận', 203000, NULL, 3, NULL, NULL, NULL),
	(48, 1, 'Cuộc họp quan trọng', 'ONE_TIME', NULL, 'WAITING', '2025-03-24 08:00:54.727000', NULL, NULL, '2025-03-28 14:30:00.000000', '2025-03-28 13:00:00.000000', 'Báo cáo tài chính', 103000, NULL, 8, NULL, NULL, NULL),
	(49, 3, 'Đem tài liệu', 'DAILY', NULL, 'WAITING', '2025-03-24 08:01:50.529000', NULL, NULL, '2025-03-24 08:30:00.000000', '2025-03-24 08:00:00.000000', 'Báo cáo đầu tuần', 3000, NULL, 2, NULL, NULL, NULL),
	(50, 3, 'Đem tài liệu', 'DAILY', NULL, 'WAITING', '2025-03-24 08:01:50.529000', NULL, NULL, '2025-03-27 08:30:00.000000', '2025-03-27 08:00:00.000000', 'Báo cáo đầu tuần', 3000, NULL, 2, NULL, NULL, NULL),
	(51, 3, 'Đem tài liệu', 'DAILY', NULL, 'WAITING', '2025-03-24 08:01:50.529000', NULL, NULL, '2025-03-29 08:30:00.000000', '2025-03-29 08:00:00.000000', 'Báo cáo đầu tuần', 3000, NULL, 2, NULL, NULL, NULL),
	(52, 3, 'Đem tài liệu', 'DAILY', NULL, 'WAITING', '2025-03-24 08:01:50.529000', NULL, NULL, '2025-03-30 08:30:00.000000', '2025-03-30 08:00:00.000000', 'Báo cáo đầu tuần', 3000, NULL, 2, NULL, NULL, NULL),
	(53, 1, 'Cuộc họp quan trọng', 'ONE_TIME', NULL, 'WAITING', '2025-03-24 08:04:12.901000', NULL, NULL, '2025-03-24 10:30:00.000000', '2025-03-24 09:00:00.000000', 'Phương hướng doanh nghiệp', 309000, NULL, 7, NULL, NULL, NULL),
	(54, 1, 'Đem tài liệu', 'DAILY', NULL, 'WAITING', '2025-03-24 08:43:27.682000', NULL, NULL, '2025-03-25 12:30:00.000000', '2025-03-25 11:30:00.000000', 'Cuộc họp hằng tuần', 206000, NULL, 8, NULL, NULL, NULL),
	(55, 1, 'Đem tài liệu', 'DAILY', NULL, 'WAITING', '2025-03-24 08:43:27.682000', NULL, NULL, '2025-03-26 12:30:00.000000', '2025-03-26 11:30:00.000000', 'Cuộc họp hằng tuần', 206000, NULL, 8, NULL, NULL, NULL),
	(56, 1, 'Đem tài liệu', 'DAILY', NULL, 'WAITING', '2025-03-24 08:43:27.682000', NULL, NULL, '2025-03-28 12:30:00.000000', '2025-03-28 11:30:00.000000', 'Cuộc họp hằng tuần', 206000, NULL, 8, NULL, NULL, NULL),
	(57, 1, 'Đem tài liệu', 'DAILY', NULL, 'CANCELED', '2025-03-24 08:43:27.682000', NULL, NULL, '2025-03-29 12:30:00.000000', '2025-03-29 11:30:00.000000', 'Cuộc họp hằng tuần', 206000, NULL, 8, NULL, NULL, NULL),
	(58, 1, 'Đem tài liệu', 'DAILY', NULL, 'WAITING', '2025-03-24 08:43:27.682000', NULL, NULL, '2025-03-30 12:30:00.000000', '2025-03-30 11:30:00.000000', 'Cuộc họp hằng tuần', 206000, NULL, 8, NULL, NULL, NULL),
	(59, 1, 'Đem tài liệu', 'DAILY', NULL, 'WAITING', '2025-03-24 08:43:27.682000', NULL, NULL, '2025-04-01 12:30:00.000000', '2025-04-01 11:30:00.000000', 'Cuộc họp hằng tuần', 206000, NULL, 8, NULL, NULL, NULL),
	(60, 1, 'Đem tài liệu', 'DAILY', NULL, 'WAITING', '2025-03-24 08:43:27.682000', NULL, NULL, '2025-04-02 12:30:00.000000', '2025-04-02 11:30:00.000000', 'Cuộc họp hằng tuần', 206000, NULL, 8, NULL, NULL, NULL),
	(61, 1, 'Đem tài liệu', 'DAILY', NULL, 'WAITING', '2025-03-24 08:43:27.682000', NULL, NULL, '2025-04-03 12:30:00.000000', '2025-04-03 11:30:00.000000', 'Cuộc họp hằng tuần', 206000, NULL, 8, NULL, NULL, NULL),
	(62, 1, 'Đem tài liệu', 'DAILY', '', 'WAITING', '2025-03-24 08:43:27.682000', NULL, NULL, '2025-04-04 12:30:00.000000', '2025-04-04 11:30:00.000000', 'Cuộc họp hằng tuần', 206000, NULL, 8, NULL, NULL, NULL),
	(63, 1, 'Đem tài liệu', 'DAILY', NULL, 'WAITING', '2025-03-24 08:43:27.682000', NULL, NULL, '2025-04-05 12:30:00.000000', '2025-04-05 11:30:00.000000', 'Cuộc họp hằng tuần', 206000, NULL, 8, NULL, NULL, NULL),
	(64, 1, 'Rất bổ ích', 'ONE_TIME', 'Rất bổ ích', 'WAITING', '2025-03-26 12:26:18.964000', NULL, NULL, '2025-03-28 10:00:00.000000', '2025-03-28 09:30:00.000000', 'Định hướng tương lai', 303000, NULL, 8, NULL, NULL, NULL),
	(65, 1, 'Đem tài liệu', 'ONE_TIME', NULL, 'WAITING', '2025-03-26 14:15:37.632000', NULL, NULL, '2025-03-27 10:30:00.000000', '2025-03-27 09:00:00.000000', 'Phát triển ứng dụng', 3000, NULL, 3, NULL, NULL, NULL),
	(66, 1, 'Cuộc họp quan trọng', 'ONE_TIME', NULL, 'WAITING', '2025-03-26 15:02:45.130000', '2025-03-26 16:00:00.000000', '2025-03-26 16:30:00.000000', '2025-03-26 16:30:00.000000', '2025-03-26 16:00:00.000000', 'Bổ sung chiến lược', 103000, NULL, 10, NULL, NULL, NULL),
	(67, 1, 'Cuộc họp quan trọng', 'ONE_TIME', NULL, 'WAITING', '2025-03-26 15:07:47.985000', NULL, NULL, '2025-03-27 07:30:00.000000', '2025-03-27 07:00:00.000000', 'Huy động vốn', 103000, NULL, 9, NULL, NULL, NULL),
	(68, 1, 'Cuộc họp quan trọng', 'ONE_TIME', NULL, 'WAITING', '2025-03-26 15:13:54.173000', NULL, NULL, '2025-04-01 10:30:00.000000', '2025-04-01 10:00:00.000000', 'Triển khai dự án', 103000, NULL, 10, NULL, NULL, NULL),
	(69, 1, 'Cuộc họp quan trọng', 'ONE_TIME', NULL, 'WAITING', '2025-03-26 15:19:13.781000', NULL, NULL, '2025-04-01 15:30:00.000000', '2025-04-01 14:30:00.000000', 'Chỉ tiêu bình quân', 103000, NULL, 10, NULL, NULL, NULL),
	(70, 1, '', 'ONE_TIME', NULL, 'WAITING', '2025-03-26 15:22:35.590000', NULL, NULL, '2025-03-31 09:30:00.000000', '2025-03-31 08:30:00.000000', 'Hỗ trợ khó khăn', 6000, NULL, 3, NULL, NULL, NULL),
	(71, 1, 'Cuộc họp quan trọng', 'ONE_TIME', NULL, 'WAITING', '2025-03-26 15:45:41.631000', NULL, NULL, '2025-04-01 14:30:00.000000', '2025-04-01 13:30:00.000000', 'Dự án khởi nghiệp', 106000, NULL, 3, NULL, NULL, NULL),
	(72, 1, '', 'ONE_TIME', NULL, 'WAITING', '2025-03-26 15:48:44.346000', NULL, NULL, '2025-04-01 08:30:00.000000', '2025-04-01 08:00:00.000000', 'Dự án Ủng hộ người nghèo', 3000, NULL, 3, NULL, NULL, NULL),
	(73, 1, '', 'ONE_TIME', NULL, 'WAITING', '2025-03-26 15:53:09.853000', NULL, NULL, '2025-04-02 10:00:00.000000', '2025-04-02 09:30:00.000000', 'Đánh giá năng lực', 3000, NULL, 7, NULL, NULL, NULL),
	(74, 1, 'Cuộc họp quan trọng', 'DAILY', NULL, 'WAITING', '2025-03-27 11:37:59.395000', NULL, NULL, '2025-04-02 14:00:00.000000', '2025-04-02 13:00:00.000000', 'Tần suất tháng 4', 306000, NULL, 10, NULL, NULL, NULL),
	(75, 1, 'Cuộc họp quan trọng', 'DAILY', NULL, 'WAITING', '2025-03-27 11:37:59.395000', NULL, NULL, '2025-04-03 14:00:00.000000', '2025-04-03 13:00:00.000000', 'Tần suất tháng 4', 306000, NULL, 10, NULL, NULL, NULL),
	(76, 1, 'Cuộc họp quan trọng', 'DAILY', NULL, 'WAITING', '2025-03-27 11:37:59.395000', NULL, NULL, '2025-04-04 14:00:00.000000', '2025-04-04 13:00:00.000000', 'Tần suất tháng 4', 306000, NULL, 10, NULL, NULL, NULL),
	(77, 1, 'Cuộc họp quan trọng', 'DAILY', NULL, 'NOT_CHECKED_IN', '2025-03-27 11:37:59.395000', NULL, NULL, '2025-04-05 14:00:00.000000', '2025-04-05 13:00:00.000000', 'Tần suất tháng 4', 306000, NULL, 10, NULL, NULL, NULL),
	(78, 1, 'Cuộc họp quan trọng', 'DAILY', NULL, 'WAITING', '2025-03-27 11:37:59.395000', NULL, NULL, '2025-04-06 14:00:00.000000', '2025-04-06 13:00:00.000000', 'Tần suất tháng 4', 306000, NULL, 10, NULL, NULL, NULL),
	(79, 1, 'Cuộc họp quan trọng', 'DAILY', NULL, 'NOT_CHECKED_IN', '2025-03-27 11:37:59.395000', NULL, NULL, '2025-04-07 14:00:00.000000', '2025-04-07 13:00:00.000000', 'Tần suất tháng 4', 306000, NULL, 10, NULL, NULL, NULL),
	(80, 1, 'Cuộc họp quan trọng', 'DAILY', NULL, 'NOT_CHECKED_IN', '2025-03-27 11:37:59.395000', NULL, NULL, '2025-04-08 14:00:00.000000', '2025-04-08 13:00:00.000000', 'Tần suất tháng 4', 306000, NULL, 10, NULL, NULL, NULL),
	(81, 1, 'Cuộc họp quan trọng', 'DAILY', NULL, 'CANCELED', '2025-03-27 11:37:59.395000', NULL, NULL, '2025-04-09 14:00:00.000000', '2025-04-09 13:00:00.000000', 'Tần suất tháng 4', 306000, NULL, 10, NULL, NULL, NULL),
	(82, 1, 'Cuộc họp quan trọng', 'DAILY', NULL, 'CANCELED', '2025-03-27 11:37:59.395000', NULL, NULL, '2025-04-10 14:00:00.000000', '2025-04-10 13:00:00.000000', 'Tần suất tháng 4', 306000, NULL, 10, NULL, NULL, NULL),
	(83, 1, 'Cuộc họp quan trọng', 'DAILY', NULL, 'CHECKED_IN', '2025-03-27 11:43:52.037000', NULL, NULL, '2025-04-05 14:30:00.000000', '2025-04-05 14:00:00.000000', 'Cung ứng tháng 4', 103000, NULL, 7, NULL, NULL, NULL),
	(84, 4, 'Quan trọng ', 'ONE_TIME', NULL, 'WAITING', '2025-03-27 00:00:00.000000', NULL, NULL, '2025-04-03 07:30:00.000000', '2025-04-03 07:00:00.000000', 'Họp nhóm cuối tuần', 103000, NULL, 2, NULL, NULL, NULL),
	(85, 1, 'Cuộc họp quan trọng', 'WEEKLY', NULL, 'PENDING', '2025-03-27 15:45:23.368000', NULL, NULL, '2025-04-07 08:30:00.000000', '2025-04-07 08:00:00.000000', 'Kiểm tra đột xuất', 103000, NULL, 3, NULL, NULL, NULL),
	(86, 1, 'Cuộc họp quan trọng', 'WEEKLY', NULL, 'PENDING', '2025-03-27 15:45:23.368000', NULL, NULL, '2025-04-14 08:30:00.000000', '2025-04-14 08:00:00.000000', 'Kiểm tra đột xuất', 103000, NULL, 3, NULL, NULL, NULL),
	(87, 1, 'Đem tài liệu', 'ONE_TIME', NULL, 'CHECKED_IN', '2025-03-28 07:50:48.617000', NULL, NULL, '2025-03-28 08:30:00.000000', '2025-03-28 08:00:00.000000', 'cáo báo đề tài', 3300000, NULL, 2, NULL, NULL, NULL),
	(88, 1, '', 'ONE_TIME', NULL, 'WAITING', '2025-03-28 00:00:00.000000', NULL, NULL, '2025-03-28 16:00:00.000000', '2025-03-28 15:00:00.000000', 'Báo cáo tiến độ', 6600000, NULL, 2, NULL, NULL, NULL),
	(89, 1, '', 'ONE_TIME', NULL, 'WAITING', '2025-03-29 21:04:52.812000', NULL, NULL, '2025-03-30 08:30:00.000000', '2025-03-30 07:30:00.000000', 'Kiểm tra tài chính', 6600000, NULL, 9, NULL, NULL, NULL),
	(90, 1, '', 'ONE_TIME', NULL, 'WAITING', '2025-03-31 09:36:19.520000', NULL, NULL, '2025-04-02 09:30:00.000000', '2025-04-02 07:30:00.000000', 'họp', 13200000, NULL, 9, NULL, NULL, NULL),
	(91, 4, '', 'ONE_TIME', NULL, 'PENDING', '2025-04-03 00:00:00.000000', NULL, NULL, '2025-04-10 12:00:00.000000', '2025-04-10 11:00:00.000000', 'Đánh giá', 10800000, NULL, 8, NULL, NULL, NULL),
	(92, 1, 'Cuộc họp quan trọng', 'ONE_TIME', NULL, 'WAITING', '2025-04-06 09:46:48.627000', NULL, NULL, '2025-04-07 09:30:00.000000', '2025-04-07 09:00:00.000000', 'Đánh giá 2', 5400000, NULL, 9, NULL, NULL, NULL),
	(93, 1, 'Cuộc họp quan trọng', 'ONE_TIME', NULL, 'NOT_CHECKED_IN', '2025-04-06 09:47:45.458000', NULL, NULL, '2025-04-07 09:00:00.000000', '2025-04-07 08:30:00.000000', 'Đánh giá 3', 5400000, NULL, 8, NULL, NULL, NULL),
	(94, 1, 'Đem tài liệu', 'ONE_TIME', NULL, 'NOT_CHECKED_IN', '2025-04-06 09:48:48.883000', NULL, NULL, '2025-04-07 10:00:00.000000', '2025-04-07 09:30:00.000000', 'Đánh giá 4', 5400000, NULL, 8, NULL, NULL, NULL),
	(95, 1, '', 'ONE_TIME', NULL, 'PENDING', '2025-04-06 10:54:07.721000', NULL, NULL, '2025-04-15 09:00:00.000000', '2025-04-15 08:30:00.000000', 'Triển lãm tranh', 5400000, NULL, 2, NULL, NULL, NULL),
	(96, 1, 'Rất bổ ích', 'ONE_TIME', '', 'PENDING', '2025-04-06 14:02:12.219000', NULL, NULL, '2025-04-09 07:30:00.000000', '2025-04-09 07:00:00.000000', 'Khám phá thế giới', 5400000, NULL, 8, NULL, NULL, NULL),
	(97, 1, '', 'ONE_TIME', NULL, 'PENDING', '2025-04-09 13:58:22.820000', NULL, NULL, '2025-04-09 15:00:00.000000', '2025-04-09 14:30:00.000000', 'Hoàn vốn', 5400000, NULL, 2, NULL, NULL, NULL),
	(98, 1, '', 'ONE_TIME', NULL, 'PENDING', '2025-04-09 15:09:11.561000', NULL, NULL, '2025-04-09 16:20:00.000000', '2025-04-09 15:50:00.000000', 'Đấu giá hàng cổ', 5400000, NULL, 7, NULL, NULL, NULL),
	(99, 1, '', 'DAILY', NULL, 'WAITING', '2025-04-09 15:30:14.291000', NULL, NULL, '2025-04-11 08:00:00.000000', '2025-04-11 07:10:00.000000', 'Kiểm tra năng lực', 9000000, NULL, 9, NULL, NULL, NULL),
	(100, 1, '', 'DAILY', NULL, 'WAITING', '2025-04-09 15:30:14.291000', NULL, NULL, '2025-04-12 08:00:00.000000', '2025-04-12 07:10:00.000000', 'Kiểm tra năng lực', 9000000, NULL, 9, NULL, NULL, NULL),
	(101, 1, '', 'DAILY', NULL, 'WAITING', '2025-04-09 15:30:14.291000', NULL, NULL, '2025-04-13 08:00:00.000000', '2025-04-13 07:10:00.000000', 'Kiểm tra năng lực', 9000000, NULL, 9, NULL, NULL, NULL),
	(102, 1, '', 'DAILY', NULL, 'CANCELED', '2025-04-09 16:32:26.497000', NULL, NULL, '2025-04-16 07:40:00.000000', '2025-04-16 07:10:00.000000', 'Du lịch cuối năm', 5400000, NULL, 9, NULL, NULL, NULL),
	(103, 1, '', 'DAILY', NULL, 'CANCELED', '2025-04-09 16:32:26.497000', NULL, NULL, '2025-04-17 07:40:00.000000', '2025-04-17 07:10:00.000000', 'Du lịch cuối năm', 5400000, NULL, 9, NULL, NULL, NULL),
	(104, 1, '', 'DAILY', NULL, 'CANCELED', '2025-04-09 16:32:26.497000', NULL, NULL, '2025-04-18 07:40:00.000000', '2025-04-18 07:10:00.000000', 'Du lịch cuối năm', 5400000, NULL, 9, NULL, NULL, NULL),
	(105, 1, '', 'ONE_TIME', NULL, 'PENDING', '2025-04-09 16:34:11.939000', NULL, NULL, '2025-04-10 09:00:00.000000', '2025-04-10 08:30:00.000000', 'Đấu giá vàng', 5400000, NULL, 8, NULL, NULL, NULL),
	(106, 1, '', 'ONE_TIME', NULL, 'PENDING', '2025-04-09 16:50:32.334000', NULL, NULL, '2025-04-09 17:30:00.000000', '2025-04-09 17:00:00.000000', 'Hạnh phúc', 5620000, NULL, 2, NULL, NULL, NULL),
	(107, 1, '', 'ONE_TIME', NULL, 'PENDING', '2025-04-12 21:57:50.561000', NULL, NULL, '2025-04-14 13:30:00.000000', '2025-04-14 13:00:00.000000', 'Đóng góp ý kiến', 5450000, NULL, 1, NULL, NULL, NULL),
	(108, 3, '', 'ONE_TIME', NULL, 'WAITING', '2025-04-13 09:55:45.370000', NULL, NULL, '2025-04-13 10:40:00.000000', '2025-04-13 10:10:00.000000', 'Nghiên cứu thế giới động vật', 5440000, NULL, 2, NULL, NULL, NULL),
	(109, 1, '', 'DAILY', NULL, 'WAITING', '2025-04-16 10:55:12.940000', NULL, NULL, '2025-04-16 11:40:00.000000', '2025-04-16 11:10:00.000000', 'Cơ hội việc làm', 5490000, NULL, 2, NULL, NULL, NULL),
	(110, 1, '', 'DAILY', NULL, 'WAITING', '2025-04-16 10:55:12.940000', NULL, NULL, '2025-04-17 11:40:00.000000', '2025-04-17 11:10:00.000000', 'Cơ hội việc làm', 5490000, NULL, 2, NULL, NULL, NULL),
	(111, 1, '', 'DAILY', NULL, 'WAITING', '2025-04-16 10:55:12.940000', NULL, NULL, '2025-04-18 11:40:00.000000', '2025-04-18 11:10:00.000000', 'Cơ hội việc làm', 5490000, NULL, 2, NULL, NULL, NULL),
	(112, 1, '', 'DAILY', NULL, 'CANCELED', '2025-04-16 11:20:52.224000', NULL, NULL, '2025-04-23 07:30:00.000000', '2025-04-23 07:00:00.000000', 'Lễ hội mùa hè', 5400000, NULL, 8, NULL, NULL, NULL),
	(113, 1, '', 'DAILY', NULL, 'CANCELED', '2025-04-16 11:20:52.224000', NULL, NULL, '2025-04-24 07:30:00.000000', '2025-04-24 07:00:00.000000', 'Lễ hội mùa hè', 5400000, NULL, 8, NULL, NULL, NULL),
	(114, 1, '', 'DAILY', NULL, 'CANCELED', '2025-04-16 11:20:52.224000', NULL, NULL, '2025-04-25 07:30:00.000000', '2025-04-25 07:00:00.000000', 'Lễ hội mùa hè', 5400000, NULL, 8, NULL, NULL, NULL),
	(115, 1, '', 'ONE_TIME', NULL, 'NOT_CHECKED_IN', '2025-04-24 00:00:00.000000', NULL, NULL, '2025-04-24 16:30:00.000000', '2025-04-24 16:00:00.000000', 'Ghi chú lịch', 5450000, NULL, 2, NULL, NULL, NULL),
	(116, 1, '', 'ONE_TIME', NULL, 'PENDING', '2025-04-29 09:28:21.000000', NULL, NULL, '2025-04-29 11:00:00.000000', '2025-04-29 09:40:00.000000', 'Lễ 30/4', 14400000, NULL, 7, NULL, NULL, NULL),
	(117, 1, '', 'ONE_TIME', NULL, 'PENDING', '2025-04-29 09:34:03.110000', NULL, NULL, '2025-04-29 13:30:00.000000', '2025-04-29 13:00:00.000000', 'Tổ chức kỉ niệm ', 5480000, NULL, 2, NULL, NULL, NULL),
	(118, 1, '', 'DAILY', NULL, 'PENDING', '2025-04-29 09:35:33.636000', NULL, NULL, '2025-05-02 07:30:00.000000', '2025-05-02 07:00:00.000000', 'Hoạt động sau lễ', 5400000, NULL, 8, NULL, NULL, NULL),
	(119, 1, '', 'DAILY', NULL, 'PENDING', '2025-04-29 09:35:33.636000', NULL, NULL, '2025-05-03 07:30:00.000000', '2025-05-03 07:00:00.000000', 'Hoạt động sau lễ', 5400000, NULL, 8, NULL, NULL, NULL),
	(120, 1, '', 'ONE_TIME', NULL, 'NOT_CHECKED_IN', '2025-05-08 00:00:00.000000', NULL, NULL, '2025-05-08 12:00:00.000000', '2025-05-08 11:30:00.000000', 'Check di động', 5450000, NULL, 3, NULL, NULL, NULL),
	(121, 1, '', 'ONE_TIME', '', 'NOT_CHECKED_IN', '2025-05-08 11:28:03.604000', NULL, NULL, '2025-05-09 08:00:00.000000', '2025-05-09 07:30:00.000000', 'Hội hè', 5530000, NULL, 7, NULL, NULL, NULL),
	(122, 1, '', 'ONE_TIME', NULL, 'NOT_CHECKED_IN', '2025-05-08 16:48:12.036000', NULL, NULL, '2025-05-08 17:30:00.000000', '2025-05-08 17:00:00.000000', 'Hoạt động xanh', 5400000, NULL, 9, NULL, NULL, NULL),
	(123, 4, '', 'ONE_TIME', NULL, 'PENDING', '2025-05-08 00:00:00.000000', NULL, NULL, '2025-05-10 08:20:00.000000', '2025-05-10 07:40:00.000000', 'Mùa hè xanh', 7250000, NULL, 3, NULL, NULL, NULL),
	(124, 1, '', 'DAILY', NULL, 'NOT_CHECKED_IN', '2025-05-08 17:30:19.474000', NULL, NULL, '2025-05-12 07:50:00.000000', '2025-05-12 07:20:00.000000', 'Tần suất tháng 5', 5400000, NULL, 2, NULL, NULL, NULL),
	(125, 1, '', 'DAILY', NULL, 'CHECKED_IN', '2025-05-08 17:30:19.474000', NULL, NULL, '2025-05-13 07:50:00.000000', '2025-05-13 07:20:00.000000', 'Tần suất tháng 5', 5400000, NULL, 2, NULL, NULL, NULL),
	(126, 1, '', 'DAILY', NULL, 'NOT_CHECKED_IN', '2025-05-08 17:30:19.474000', NULL, NULL, '2025-05-14 07:50:00.000000', '2025-05-14 07:20:00.000000', 'Tần suất tháng 5', 5400000, NULL, 2, NULL, NULL, NULL),
	(127, 1, '', 'DAILY', NULL, 'NOT_CHECKED_IN', '2025-05-08 17:30:19.474000', NULL, NULL, '2025-05-15 07:50:00.000000', '2025-05-15 07:20:00.000000', 'Tần suất tháng 5', 5400000, NULL, 2, NULL, NULL, NULL),
	(128, 1, '', 'DAILY', NULL, 'NOT_CHECKED_IN', '2025-05-08 17:30:19.474000', NULL, NULL, '2025-05-16 07:50:00.000000', '2025-05-16 07:20:00.000000', 'Tần suất tháng 5', 5400000, NULL, 2, NULL, NULL, NULL),
	(129, 1, '', 'DAILY', NULL, 'WAITING', '2025-05-08 17:30:19.474000', NULL, NULL, '2025-05-17 07:50:00.000000', '2025-05-17 07:20:00.000000', 'Tần suất tháng 5', 5400000, NULL, 2, NULL, NULL, NULL),
	(130, 1, '', 'ONE_TIME', NULL, 'PENDING', '2025-05-09 06:54:42.949000', NULL, NULL, '2025-05-09 08:40:00.000000', '2025-05-09 08:10:00.000000', 'Trại hè', 5400000, NULL, 9, NULL, NULL, NULL),
	(131, 1, '', 'ONE_TIME', NULL, 'WAITING', '2025-05-09 14:59:29.792000', NULL, NULL, '2025-05-09 16:00:00.000000', '2025-05-09 15:30:00.000000', 'Tiếp nhận hồ sơ', 5400000, NULL, 8, NULL, NULL, NULL),
	(132, 1, '', 'ONE_TIME', NULL, 'PENDING', '2025-05-09 15:49:50.971000', NULL, NULL, '2025-05-10 10:30:00.000000', '2025-05-10 10:00:00.000000', 'Điều phối', 5400000, NULL, 9, NULL, NULL, NULL),
	(133, 1, '', 'ONE_TIME', NULL, 'PENDING', '2025-05-10 00:00:00.000000', NULL, NULL, '2025-05-11 07:30:00.000000', '2025-05-11 07:00:00.000000', 'Hội mùa hạ', 5400000, NULL, 2, NULL, NULL, NULL),
	(134, 1, '', 'ONE_TIME', NULL, 'PENDING', '2025-05-10 00:00:00.000000', NULL, NULL, '2025-05-12 08:30:00.000000', '2025-05-12 08:00:00.000000', 'Trại hè thiếu niên', 5400000, NULL, 2, NULL, NULL, NULL),
	(135, 1, '', 'ONE_TIME', NULL, 'CHECKED_IN', '2025-05-10 00:00:00.000000', '2025-05-13 08:20:00.000000', NULL, '2025-05-13 08:40:00.000000', '2025-05-13 08:10:00.000000', 'Chuyển giao kế hoạch ', 5400000, NULL, 2, NULL, NULL, NULL),
	(136, 1, '', 'ONE_TIME', NULL, 'PENDING', '2025-05-10 00:00:00.000000', NULL, NULL, '2025-05-10 09:40:00.000000', '2025-05-10 09:10:00.000000', 'Kế hoạch 1', 5400000, NULL, 7, NULL, NULL, NULL),
	(137, 1, '', 'ONE_TIME', NULL, 'NOT_CHECKED_IN', '2025-05-12 11:08:16.542000', NULL, NULL, '2025-05-14 08:20:00.000000', '2025-05-14 07:50:00.000000', 'Đánh giá tháng 5', 5490000, NULL, 8, NULL, NULL, NULL),
	(138, 1, '', 'ONE_TIME', NULL, 'PENDING', '2025-05-13 00:00:00.000000', NULL, NULL, '2025-05-14 12:30:00.000000', '2025-05-14 12:00:00.000000', 'Trại mùa hè', 540000, NULL, 3, NULL, NULL, NULL),
	(139, 1, '', 'ONE_TIME', NULL, 'PENDING', '2025-05-13 00:00:00.000000', NULL, NULL, '2025-05-17 08:30:00.000000', '2025-05-17 08:00:00.000000', 'Tổ chức trại hè', 590000, NULL, 9, NULL, NULL, NULL),
	(140, 1, '', 'ONE_TIME', NULL, 'CHECKED_IN', '2025-05-14 00:00:00.000000', '2025-05-14 14:35:26.915000', NULL, '2025-05-14 14:50:00.000000', '2025-05-14 14:20:00.000000', 'Xây dựng trường ', 330000, NULL, 2, NULL, NULL, NULL),
	(141, 1, '', 'ONE_TIME', NULL, 'CHECKED_IN', '2025-05-14 00:00:00.000000', '2025-05-14 15:25:32.749000', NULL, '2025-05-14 15:40:00.000000', '2025-05-14 15:10:00.000000', 'Xây bệnh viện ', 330000, NULL, 2, NULL, NULL, NULL),
	(142, 4, '', 'ONE_TIME', NULL, 'PENDING', '2025-05-15 13:34:47.456000', NULL, NULL, '2025-05-15 14:20:00.000000', '2025-05-15 13:50:00.000000', 'Ngày mới vui vẻ', 270000, NULL, 34, NULL, NULL, NULL),
	(143, 3, '', 'ONE_TIME', NULL, 'PENDING', '2025-05-15 14:04:04.408000', NULL, NULL, '2025-05-15 14:50:00.000000', '2025-05-15 14:20:00.000000', 'Đánh cá biển', 330000, NULL, 8, NULL, NULL, NULL),
	(144, 1, '', 'ONE_TIME', NULL, 'CHECKED_IN', '2025-05-15 00:00:00.000000', '2025-05-15 15:00:45.421000', NULL, '2025-05-15 15:30:00.000000', '2025-05-15 15:00:00.000000', 'Chuyển giao mùa', 270000, NULL, 34, NULL, NULL, NULL),
	(145, 3, '', 'ONE_TIME', NULL, 'PENDING', '2025-05-15 16:34:48.758000', NULL, NULL, '2025-05-15 17:20:00.000000', '2025-05-15 16:50:00.000000', 'Kết thúc', 330000, NULL, 7, NULL, NULL, NULL),
	(146, 3, '', 'ONE_TIME', NULL, 'PENDING', '2025-05-15 00:00:00.000000', NULL, NULL, '2025-05-16 07:30:00.000000', '2025-05-16 07:00:00.000000', 'Tiêu khiển ', 360000, NULL, 27, NULL, NULL, NULL),
	(147, 34, '', 'WEEKLY', NULL, 'WAITING', '2025-05-16 08:29:56.890000', NULL, NULL, '2025-05-17 10:50:00.000000', '2025-05-17 10:20:00.000000', 'báo cáo hàng tuần', 330000, NULL, 2, NULL, NULL, NULL),
	(148, 34, '', 'WEEKLY', NULL, 'WAITING', '2025-05-16 08:29:56.890000', NULL, NULL, '2025-05-24 10:50:00.000000', '2025-05-24 10:20:00.000000', 'báo cáo hàng tuần', 330000, NULL, 2, NULL, NULL, NULL);

-- Dumping structure for table ql_datphong.reservation_employee
CREATE TABLE IF NOT EXISTS `reservation_employee` (
  `reservation_id` bigint(20) NOT NULL,
  `employee_id` bigint(20) NOT NULL,
  KEY `FKmc5vf42lypo9yrgftkonn2bvh` (`employee_id`),
  KEY `FKjy9lleglu0rdpbehgboh1p3r4` (`reservation_id`),
  CONSTRAINT `FKjy9lleglu0rdpbehgboh1p3r4` FOREIGN KEY (`reservation_id`) REFERENCES `reservation` (`reservation_id`),
  CONSTRAINT `FKmc5vf42lypo9yrgftkonn2bvh` FOREIGN KEY (`employee_id`) REFERENCES `employee` (`employee_id`)
) ENGINE=InnoDB DEFAULT CHARSET=utf8mb4 COLLATE=utf8mb4_unicode_ci;

-- Dumping data for table ql_datphong.reservation_employee: ~363 rows (approximately)
INSERT INTO `reservation_employee` (`reservation_id`, `employee_id`) VALUES
	(1, 1),
	(4, 11),
	(2, 3),
	(2, 2),
	(2, 11),
	(3, 3),
	(3, 9),
	(3, 1),
	(1, 11),
	(4, 3),
	(5, 5),
	(5, 12),
	(5, 1),
	(1, 6),
	(16, 4),
	(16, 2),
	(16, 1),
	(17, 1),
	(17, 2),
	(17, 3),
	(18, 1),
	(18, 2),
	(18, 3),
	(19, 4),
	(19, 2),
	(19, 1),
	(20, 1),
	(20, 19),
	(21, 1),
	(21, 1),
	(22, 1),
	(23, 1),
	(24, 1),
	(25, 1),
	(26, 10),
	(26, 1),
	(27, 1),
	(27, 3),
	(28, 1),
	(28, 4),
	(29, 1),
	(30, 3),
	(30, 1),
	(31, 1),
	(32, 1),
	(33, 1),
	(34, 1),
	(35, 1),
	(36, 4),
	(36, 2),
	(36, 1),
	(37, 1),
	(37, 2),
	(37, 3),
	(38, 1),
	(38, 2),
	(38, 3),
	(39, 4),
	(39, 2),
	(39, 1),
	(40, 1),
	(40, 2),
	(40, 3),
	(42, 1),
	(43, 3),
	(44, 3),
	(45, 1),
	(46, 4),
	(46, 1),
	(46, 2),
	(49, 3),
	(49, 1),
	(50, 1),
	(50, 3),
	(51, 1),
	(51, 3),
	(52, 3),
	(52, 12),
	(53, 5),
	(53, 8),
	(53, 1),
	(41, 1),
	(41, 2),
	(54, 2),
	(54, 1),
	(55, 2),
	(55, 1),
	(56, 1),
	(56, 18),
	(57, 1),
	(57, 18),
	(58, 2),
	(58, 1),
	(59, 2),
	(59, 1),
	(60, 1),
	(60, 18),
	(61, 1),
	(61, 18),
	(63, 2),
	(63, 1),
	(65, 1),
	(65, 2),
	(42, 5),
	(45, 3),
	(66, 1),
	(66, 3),
	(67, 1),
	(67, 6),
	(68, 1),
	(68, 5),
	(68, 7),
	(69, 1),
	(69, 5),
	(70, 1),
	(70, 6),
	(71, 1),
	(71, 6),
	(71, 5),
	(72, 1),
	(72, 4),
	(73, 1),
	(73, 5),
	(74, 1),
	(74, 3),
	(74, 6),
	(75, 1),
	(75, 3),
	(75, 6),
	(76, 1),
	(76, 3),
	(76, 6),
	(77, 1),
	(77, 3),
	(77, 6),
	(78, 1),
	(78, 3),
	(78, 6),
	(79, 1),
	(79, 3),
	(79, 6),
	(80, 1),
	(80, 3),
	(80, 6),
	(81, 1),
	(81, 3),
	(81, 6),
	(82, 1),
	(82, 3),
	(82, 6),
	(83, 1),
	(83, 4),
	(84, 4),
	(84, 3),
	(84, 1),
	(85, 1),
	(85, 4),
	(86, 1),
	(86, 4),
	(48, 1),
	(48, 10),
	(48, 18),
	(48, 3),
	(47, 5),
	(47, 1),
	(47, 7),
	(47, 8),
	(87, 1),
	(87, 2),
	(87, 6),
	(88, 1),
	(88, 3),
	(88, 4),
	(7, 1),
	(7, 4),
	(6, 24),
	(6, 1),
	(8, 1),
	(8, 5),
	(9, 1),
	(9, 26),
	(89, 1),
	(89, 4),
	(89, 18),
	(89, 19),
	(90, 1),
	(90, 6),
	(90, 17),
	(62, 2),
	(62, 18),
	(62, 1),
	(91, 4),
	(91, 1),
	(92, 1),
	(92, 5),
	(93, 1),
	(93, 5),
	(94, 1),
	(94, 7),
	(95, 1),
	(95, 4),
	(95, 7),
	(96, 1),
	(96, 3),
	(96, 6),
	(96, 7),
	(96, 9),
	(96, 12),
	(97, 1),
	(97, 3),
	(97, 5),
	(98, 1),
	(98, 3),
	(98, 6),
	(98, 8),
	(98, 9),
	(99, 1),
	(99, 2),
	(99, 5),
	(100, 1),
	(100, 2),
	(100, 5),
	(101, 1),
	(101, 2),
	(101, 5),
	(102, 1),
	(102, 3),
	(102, 6),
	(102, 8),
	(102, 9),
	(103, 1),
	(103, 3),
	(103, 6),
	(103, 8),
	(103, 9),
	(104, 1),
	(104, 3),
	(104, 6),
	(104, 8),
	(104, 9),
	(105, 1),
	(105, 4),
	(106, 1),
	(106, 3),
	(106, 5),
	(43, 26),
	(10, 1),
	(10, 7),
	(107, 1),
	(107, 4),
	(108, 3),
	(108, 4),
	(109, 1),
	(109, 22),
	(109, 29),
	(110, 1),
	(110, 22),
	(110, 29),
	(111, 1),
	(111, 22),
	(111, 29),
	(112, 1),
	(112, 8),
	(112, 10),
	(113, 1),
	(113, 8),
	(113, 10),
	(114, 1),
	(114, 8),
	(114, 10),
	(115, 1),
	(115, 2),
	(115, 3),
	(116, 1),
	(116, 3),
	(116, 6),
	(116, 12),
	(117, 1),
	(117, 3),
	(117, 6),
	(118, 1),
	(118, 2),
	(118, 7),
	(119, 1),
	(119, 2),
	(119, 7),
	(120, 1),
	(120, 3),
	(120, 4),
	(121, 1),
	(121, 6),
	(121, 9),
	(121, 3),
	(64, 7),
	(64, 5),
	(64, 2),
	(64, 26),
	(64, 23),
	(122, 1),
	(122, 5),
	(123, 4),
	(123, 3),
	(123, 1),
	(124, 1),
	(124, 4),
	(124, 7),
	(124, 26),
	(125, 1),
	(125, 4),
	(125, 7),
	(125, 26),
	(126, 1),
	(126, 4),
	(126, 7),
	(126, 26),
	(127, 1),
	(127, 4),
	(127, 7),
	(127, 26),
	(128, 1),
	(128, 4),
	(128, 7),
	(128, 26),
	(129, 1),
	(129, 4),
	(129, 7),
	(129, 26),
	(130, 1),
	(130, 4),
	(131, 1),
	(131, 10),
	(132, 1),
	(132, 7),
	(133, 1),
	(133, 3),
	(134, 1),
	(134, 9),
	(135, 1),
	(135, 4),
	(136, 1),
	(136, 5),
	(137, 1),
	(137, 6),
	(137, 9),
	(137, 11),
	(138, 1),
	(138, 2),
	(139, 1),
	(139, 4),
	(140, 1),
	(140, 3),
	(141, 1),
	(141, 4),
	(142, 4),
	(142, 5),
	(143, 3),
	(143, 7),
	(144, 1),
	(144, 6),
	(145, 3),
	(146, 3),
	(147, 34),
	(148, 34);

-- Dumping structure for table ql_datphong.reservation_file_paths
CREATE TABLE IF NOT EXISTS `reservation_file_paths` (
  `reservation_reservation_id` bigint(20) NOT NULL,
  `file_paths` varchar(255) DEFAULT NULL,
  KEY `FKchwrit7lhcf142bui6a74ypv2` (`reservation_reservation_id`),
  CONSTRAINT `FKchwrit7lhcf142bui6a74ypv2` FOREIGN KEY (`reservation_reservation_id`) REFERENCES `reservation` (`reservation_id`)
) ENGINE=InnoDB DEFAULT CHARSET=latin1 COLLATE=latin1_swedish_ci;

-- Dumping data for table ql_datphong.reservation_file_paths: ~56 rows (approximately)
INSERT INTO `reservation_file_paths` (`reservation_reservation_id`, `file_paths`) VALUES
	(16, 'file1'),
	(16, 'file2'),
	(17, 'file1'),
	(17, 'file2'),
	(18, 'file1'),
	(18, 'file2'),
	(19, 'file1'),
	(19, 'file2'),
	(20, 'C:\\fakepath\\Screenshot 2025-02-10 195409.png'),
	(21, 'C:\\fakepath\\Screenshot 2025-02-09 105805.png'),
	(22, 'C:\\fakepath\\Screenshot 2025-02-10 195409.png'),
	(23, 'C:\\fakepath\\Screenshot 2025-02-10 195409.png'),
	(24, 'C:\\fakepath\\Screenshot 2025-02-09 090926.png'),
	(25, 'C:\\fakepath\\Screenshot 2025-02-09 090926.png'),
	(26, 'C:\\fakepath\\Screenshot 2025-01-23 203418.png'),
	(27, 'C:\\fakepath\\Screenshot 2025-01-23 203418.png'),
	(28, 'C:\\fakepath\\Screenshot 2025-01-23 203418.png'),
	(29, 'C:\\fakepath\\Screenshot 2025-02-23 222946.png'),
	(30, 'C:\\fakepath\\Screenshot 2025-02-09 091803.png'),
	(31, 'C:\\fakepath\\Screenshot 2025-02-09 091803.png'),
	(32, 'C:\\fakepath\\Screenshot 2025-02-09 105805.png'),
	(33, 'C:\\fakepath\\Screenshot 2025-02-09 090926.png'),
	(34, 'C:\\fakepath\\Screenshot 2025-02-09 091803.png'),
	(35, 'C:\\fakepath\\Screenshot 2025-02-10 195409.png'),
	(36, 'C:\\fakepath\\01_KLTN.docx'),
	(36, 'C:\\fakepath\\01_KLTN.docx'),
	(37, 'C:\\fakepath\\01_KLTN.docx'),
	(37, 'C:\\fakepath\\01_KLTN.docx'),
	(38, 'C:\\fakepath\\01_KLTN.docx'),
	(38, 'C:\\fakepath\\01_KLTN.docx'),
	(39, 'C:\\fakepath\\01_KLTN.docx'),
	(39, 'C:\\fakepath\\01_KLTN.docx'),
	(40, 'C:\\fakepath\\01_KLTN.docx'),
	(40, 'C:\\fakepath\\01_KLTN.docx'),
	(41, 'C:\\fakepath\\01_KLTN.docx'),
	(41, 'C:\\fakepath\\01_KLTN.docx'),
	(42, 'C:\\fakepath\\Screenshot 2025-02-09 105805.png'),
	(43, 'C:\\fakepath\\Screenshot 2025-02-09 105805.png'),
	(44, 'C:\\fakepath\\Screenshot 2025-02-09 105805.png'),
	(45, 'C:\\fakepath\\Screenshot 2025-02-09 091803.png'),
	(54, 'C:\\fakepath\\Screenshot 2025-01-23 203418.png'),
	(55, 'C:\\fakepath\\Screenshot 2025-01-23 203418.png'),
	(56, 'C:\\fakepath\\Screenshot 2025-01-23 203418.png'),
	(57, 'C:\\fakepath\\Screenshot 2025-01-23 203418.png'),
	(58, 'C:\\fakepath\\Screenshot 2025-01-23 203418.png'),
	(59, 'C:\\fakepath\\Screenshot 2025-01-23 203418.png'),
	(60, 'C:\\fakepath\\Screenshot 2025-01-23 203418.png'),
	(61, 'C:\\fakepath\\Screenshot 2025-01-23 203418.png'),
	(63, 'C:\\fakepath\\Screenshot 2025-01-23 203418.png'),
	(64, 'C:\\fakepath\\Screenshot 2025-02-06 110840.png'),
	(66, 'C:\\fakepath\\dac-ta-usecase.docx'),
	(84, 'C:\\fakepath\\01_KLTN.docx'),
	(88, 'C:\\fakepath\\01_KLTN.docx'),
	(62, 'C:\\fakepath\\Screenshot 2025-01-23 203418.png'),
	(121, 'blob:http://localhost:3000/baff8618-d436-4322-8165-bfb83f915c70'),
	(137, 'C:\\fakepath\\01_KLTN.docx');

-- Dumping structure for table ql_datphong.reservation_service
CREATE TABLE IF NOT EXISTS `reservation_service` (
  `reservation_id` bigint(20) NOT NULL,
  `service_id` bigint(20) NOT NULL,
  KEY `FKjpu82eqbnjxc7sp25jl349obu` (`service_id`),
  KEY `FKky2gr8jk9fw121e8rxogc8ccm` (`reservation_id`),
  CONSTRAINT `FKjpu82eqbnjxc7sp25jl349obu` FOREIGN KEY (`service_id`) REFERENCES `service` (`service_id`),
  CONSTRAINT `FKky2gr8jk9fw121e8rxogc8ccm` FOREIGN KEY (`reservation_id`) REFERENCES `reservation` (`reservation_id`)
) ENGINE=InnoDB DEFAULT CHARSET=latin1 COLLATE=latin1_swedish_ci;

-- Dumping data for table ql_datphong.reservation_service: ~141 rows (approximately)
INSERT INTO `reservation_service` (`reservation_id`, `service_id`) VALUES
	(1, 1),
	(2, 3),
	(2, 1),
	(16, 1),
	(16, 2),
	(17, 1),
	(17, 2),
	(18, 1),
	(18, 2),
	(19, 1),
	(19, 2),
	(20, 2),
	(20, 7),
	(21, 5),
	(22, 3),
	(23, 3),
	(24, 3),
	(25, 3),
	(26, 7),
	(26, 9),
	(27, 7),
	(27, 9),
	(28, 7),
	(28, 9),
	(29, 1),
	(30, 3),
	(30, 5),
	(31, 3),
	(32, 3),
	(33, 2),
	(34, 2),
	(35, 4),
	(36, 1),
	(36, 2),
	(37, 1),
	(37, 2),
	(38, 1),
	(38, 2),
	(39, 1),
	(39, 2),
	(40, 1),
	(40, 2),
	(42, 2),
	(43, 2),
	(43, 4),
	(44, 3),
	(45, 3),
	(46, 2),
	(46, 1),
	(46, 3),
	(47, 3),
	(47, 5),
	(48, 5),
	(53, 7),
	(53, 2),
	(53, 1),
	(41, 1),
	(41, 2),
	(41, 4),
	(41, 7),
	(54, 2),
	(54, 4),
	(55, 2),
	(55, 4),
	(56, 2),
	(56, 4),
	(57, 2),
	(57, 4),
	(58, 2),
	(58, 4),
	(59, 2),
	(59, 4),
	(60, 2),
	(60, 4),
	(61, 2),
	(61, 4),
	(62, 2),
	(62, 4),
	(63, 2),
	(63, 4),
	(66, 2),
	(67, 4),
	(68, 3),
	(69, 2),
	(71, 4),
	(74, 3),
	(74, 4),
	(74, 5),
	(75, 3),
	(75, 4),
	(75, 5),
	(76, 3),
	(76, 4),
	(76, 5),
	(77, 3),
	(77, 4),
	(77, 5),
	(78, 3),
	(78, 4),
	(78, 5),
	(79, 3),
	(79, 4),
	(79, 5),
	(80, 3),
	(80, 4),
	(80, 5),
	(81, 3),
	(81, 4),
	(81, 5),
	(82, 3),
	(82, 4),
	(82, 5),
	(83, 5),
	(84, 1),
	(85, 4),
	(86, 4),
	(106, 2),
	(106, 3),
	(107, 1),
	(108, 2),
	(109, 1),
	(109, 2),
	(110, 1),
	(110, 2),
	(111, 1),
	(111, 2),
	(115, 1),
	(117, 2),
	(117, 4),
	(120, 1),
	(121, 2),
	(121, 3),
	(121, 4),
	(64, 3),
	(64, 5),
	(64, 8),
	(64, 4),
	(123, 3),
	(137, 4),
	(137, 1),
	(139, 1);

-- Dumping structure for table ql_datphong.room
CREATE TABLE IF NOT EXISTS `room` (
  `room_id` bigint(20) NOT NULL AUTO_INCREMENT,
  `capacity` int(11) NOT NULL,
  `room_name` varchar(255) DEFAULT NULL,
  `status_room` enum('AVAILABLE','MAINTAIN','ONGOING','REPAIR') DEFAULT NULL,
  `type_room` enum('CONFERENCEROOM','DEFAULT','VIP') DEFAULT NULL,
  `location_id` bigint(20) DEFAULT NULL,
  `approver_id` bigint(20) DEFAULT NULL,
  `price_room_id` bigint(20) DEFAULT NULL,
  PRIMARY KEY (`room_id`),
  UNIQUE KEY `UKoq0sctnpik6rw3nvkfggcv3j3` (`price_room_id`),
  KEY `FKj7m6our9ety1o5mxrmpgen6qp` (`approver_id`),
  KEY `UKfjnal9itsdgfdr3ow1ul532bt` (`location_id`) USING BTREE,
  CONSTRAINT `FKj7m6our9ety1o5mxrmpgen6qp` FOREIGN KEY (`approver_id`) REFERENCES `employee` (`employee_id`),
  CONSTRAINT `FKnkcejk04fn448gq9c6eai3bom` FOREIGN KEY (`price_room_id`) REFERENCES `price_room` (`price_room_id`),
  CONSTRAINT `FKrqejnp96gs9ldf7o6fciylxkt` FOREIGN KEY (`location_id`) REFERENCES `location` (`location_id`)
) ENGINE=InnoDB AUTO_INCREMENT=36 DEFAULT CHARSET=utf8mb4 COLLATE=utf8mb4_unicode_ci;

-- Dumping data for table ql_datphong.room: ~32 rows (approximately)
INSERT INTO `room` (`room_id`, `capacity`, `room_name`, `status_room`, `type_room`, `location_id`, `approver_id`, `price_room_id`) VALUES
	(1, 20, 'Maria', 'AVAILABLE', 'VIP', 4, 1, 124),
	(2, 20, 'Vokkaa', 'AVAILABLE', 'DEFAULT', 6, 1, 125),
	(3, 10, 'Hazel', 'AVAILABLE', 'VIP', 7, 1, 129),
	(4, 20, 'Buffter', 'AVAILABLE', 'DEFAULT', 5, 1, 126),
	(7, 30, 'Phát triển', 'AVAILABLE', 'VIP', 8, 1, 127),
	(8, 10, 'Nội vụ', 'MAINTAIN', 'VIP', 9, 1, 128),
	(9, 10, 'Tài chính', 'AVAILABLE', 'VIP', 13, 4, 130),
	(10, 15, 'A3.02', 'AVAILABLE', 'VIP', 14, 1, 131),
	(11, 5, 'Matcha 1A', 'AVAILABLE', 'VIP', 15, 1, 132),
	(12, 10, 'Visiusss', 'AVAILABLE', 'DEFAULT', 11, 1, 133),
	(13, 10, 'Salabeto', 'AVAILABLE', 'VIP', 12, 4, 134),
	(14, 25, 'Alaxender', 'AVAILABLE', 'VIP', 16, 1, 135),
	(15, 20, 'Napolaon', 'AVAILABLE', 'VIP', 17, 1, 136),
	(16, 40, 'Nankaasai', 'AVAILABLE', 'VIP', 18, 1, 137),
	(17, 30, 'Naddascva', 'AVAILABLE', 'VIP', 19, 1, 138),
	(18, 15, 'JoBatcap', 'AVAILABLE', 'VIP', 20, 1, 139),
	(19, 30, 'A4.02', 'AVAILABLE', 'VIP', 2, 1, 140),
	(21, 15, 'A4.03', 'AVAILABLE', 'VIP', 2, 1, 141),
	(22, 30, 'A13', 'AVAILABLE', 'VIP', 1, 1, 142),
	(23, 20, 'A07', 'MAINTAIN', 'DEFAULT', 24, 1, 143),
	(24, 15, 'Sunflower', 'AVAILABLE', 'VIP', 29, 4, 144),
	(25, 30, 'Lavender', 'AVAILABLE', 'DEFAULT', 29, 1, 150),
	(26, 20, 'Snowdrop', 'AVAILABLE', 'DEFAULT', 29, 1, 156),
	(27, 15, 'Jasmine', 'AVAILABLE', 'DEFAULT', 11, 1, 162),
	(28, 15, 'Orchid', 'AVAILABLE', 'DEFAULT', 29, 1, 168),
	(29, 15, 'Gemstone', 'AVAILABLE', 'DEFAULT', 5, 1, 174),
	(30, 20, 'Diamond', 'AVAILABLE', 'DEFAULT', 5, 1, 180),
	(31, 30, 'Sapphire', 'AVAILABLE', 'CONFERENCEROOM', 5, 1, 186),
	(32, 20, 'Spinel', 'AVAILABLE', 'DEFAULT', 24, 1, 192),
	(33, 20, 'Carnelian', 'AVAILABLE', 'DEFAULT', 25, 1, 198),
	(34, 20, 'Start', 'AVAILABLE', 'DEFAULT', 26, 1, 204),
	(35, 15, 'Kinh doanh', 'AVAILABLE', 'DEFAULT', 29, 1, 210);

-- Dumping structure for table ql_datphong.room_device
CREATE TABLE IF NOT EXISTS `room_device` (
  `quantity` int(11) NOT NULL,
  `room_id` bigint(20) NOT NULL,
  `device_id` bigint(20) NOT NULL,
  PRIMARY KEY (`device_id`,`room_id`),
  KEY `FK4v7vq2wyc0gehiyeqj4bnitkt` (`room_id`),
  CONSTRAINT `FK4v7vq2wyc0gehiyeqj4bnitkt` FOREIGN KEY (`room_id`) REFERENCES `room` (`room_id`),
  CONSTRAINT `FKi0ck9pu6eoan6rntpybydtp29` FOREIGN KEY (`device_id`) REFERENCES `device` (`device_id`)
) ENGINE=InnoDB DEFAULT CHARSET=latin1 COLLATE=latin1_swedish_ci;

-- Dumping data for table ql_datphong.room_device: ~85 rows (approximately)
INSERT INTO `room_device` (`quantity`, `room_id`, `device_id`) VALUES
	(1, 1, 1),
	(1, 2, 1),
	(1, 3, 1),
	(1, 4, 1),
	(2, 7, 1),
	(2, 8, 1),
	(2, 10, 1),
	(2, 11, 1),
	(2, 12, 1),
	(2, 13, 1),
	(2, 14, 1),
	(2, 15, 1),
	(2, 16, 1),
	(2, 17, 1),
	(2, 18, 1),
	(3, 23, 1),
	(1, 24, 1),
	(1, 31, 1),
	(1, 33, 1),
	(1, 34, 1),
	(1, 1, 2),
	(2, 2, 2),
	(1, 3, 2),
	(1, 4, 2),
	(1, 8, 2),
	(1, 22, 2),
	(1, 24, 2),
	(1, 25, 2),
	(1, 26, 2),
	(1, 28, 2),
	(1, 30, 2),
	(1, 31, 2),
	(1, 33, 2),
	(1, 34, 2),
	(1, 35, 2),
	(2, 1, 3),
	(2, 2, 3),
	(1, 3, 3),
	(1, 4, 3),
	(1, 12, 3),
	(2, 21, 3),
	(1, 22, 3),
	(1, 23, 3),
	(1, 24, 3),
	(1, 28, 3),
	(1, 29, 3),
	(1, 30, 3),
	(1, 32, 3),
	(1, 33, 3),
	(1, 34, 3),
	(1, 35, 3),
	(1, 1, 6),
	(1, 4, 6),
	(1, 26, 6),
	(1, 27, 6),
	(1, 28, 6),
	(1, 30, 6),
	(1, 32, 6),
	(1, 34, 6),
	(1, 1, 7),
	(1, 2, 7),
	(2, 3, 7),
	(1, 4, 7),
	(1, 25, 7),
	(1, 29, 7),
	(1, 32, 7),
	(2, 34, 7),
	(2, 1, 8),
	(1, 26, 8),
	(1, 27, 8),
	(1, 32, 8),
	(2, 34, 8),
	(1, 7, 9),
	(1, 10, 9),
	(1, 25, 9),
	(1, 35, 9),
	(1, 2, 10),
	(1, 26, 10),
	(1, 34, 10),
	(1, 1, 11),
	(1, 25, 11),
	(1, 1, 12),
	(1, 3, 12),
	(1, 12, 12),
	(1, 25, 13);

-- Dumping structure for table ql_datphong.room_imgs
CREATE TABLE IF NOT EXISTS `room_imgs` (
  `room_room_id` bigint(20) NOT NULL,
  `imgs` varchar(255) DEFAULT NULL,
  KEY `FKrnck0q2se0qpxlgrq4e17b3mi` (`room_room_id`),
  CONSTRAINT `FKrnck0q2se0qpxlgrq4e17b3mi` FOREIGN KEY (`room_room_id`) REFERENCES `room` (`room_id`)
) ENGINE=InnoDB DEFAULT CHARSET=latin1 COLLATE=latin1_swedish_ci;

-- Dumping data for table ql_datphong.room_imgs: ~46 rows (approximately)
INSERT INTO `room_imgs` (`room_room_id`, `imgs`) VALUES
	(7, 'https://thietkenoithat.com/Portals/0/xNews/uploads/2022/10/20/thiet-ke-phong-hop(15).jpg'),
	(7, 'https://smartdecor.vn/wp-content/uploads/2023/12/mau-noi-that-phong-hop-dep-8.jpg'),
	(8, 'https://zodiac.com.vn/wp-content/uploads/2021/04/T5-Phong-hop-truc-tuyen-.png'),
	(8, 'https://smartdecor.vn/wp-content/uploads/2023/12/mau-noi-that-phong-hop-dep-8.jpg'),
	(1, 'https://smartdecor.vn/wp-content/uploads/2023/12/mau-noi-that-phong-hop-dep-8.jpg'),
	(9, 'https://anviethouse.vn/wp-content/uploads/2020/03/Thiet-ke-phong-hop-hien-dai-2-1.jpg'),
	(9, 'https://smartdecor.vn/wp-content/uploads/2023/12/mau-noi-that-phong-hop-dep-8.jpg'),
	(10, 'https://amidesign.vn/wp-content/uploads/2023/11/tieu-chuan-thiet-ke-phong-hop-3.jpg'),
	(10, 'https://smartdecor.vn/wp-content/uploads/2023/12/mau-noi-that-phong-hop-dep-8.jpg'),
	(11, 'https://thietkevanphong.pro/wp-content/uploads/2020/02/vtc-phong-hop-lon.jpg'),
	(11, 'https://smartdecor.vn/wp-content/uploads/2023/12/mau-noi-that-phong-hop-dep-8.jpg'),
	(12, 'https://anviethouse.vn/wp-content/uploads/2020/03/phong-hop-hien-dai-3.png'),
	(12, 'https://smartdecor.vn/wp-content/uploads/2023/12/mau-noi-that-phong-hop-dep-8.jpg'),
	(13, 'https://thietkevanphong.pro/wp-content/uploads/2020/10/tang-2-hl2-1200x7201-1.jpg'),
	(13, 'https://smartdecor.vn/wp-content/uploads/2023/12/mau-noi-that-phong-hop-dep-8.jpg'),
	(14, 'https://www.deco-crystal.com/wp-content/uploads/2021/11/thiet-ke-noi-that-phong-hop.jpg'),
	(14, 'https://smartdecor.vn/wp-content/uploads/2023/12/mau-noi-that-phong-hop-dep-8.jpg'),
	(15, 'https://ardeco.vn/hm_contents/uploads/mau-thiet-ke-phong-hop-dep-sang-trong-hien-dai_2.jpg'),
	(15, 'https://smartdecor.vn/wp-content/uploads/2023/12/mau-noi-that-phong-hop-dep-8.jpg'),
	(16, 'https://mychair.vn/wp-content/uploads/2023/10/setup-phong-hop-chu-u.jpg'),
	(16, 'https://smartdecor.vn/wp-content/uploads/2023/12/mau-noi-that-phong-hop-dep-8.jpg'),
	(17, 'https://decoxdesign.com/upload/images/thiet-ke-phong-hop-13-decox-design.jpg'),
	(17, 'https://smartdecor.vn/wp-content/uploads/2023/12/mau-noi-that-phong-hop-dep-8.jpg'),
	(18, 'https://cypresscom.vn/uploaded/setup-phong-hop-truc-tuyen-2.jpg'),
	(18, 'https://smartdecor.vn/wp-content/uploads/2023/12/mau-noi-that-phong-hop-dep-8.jpg'),
	(2, 'https://govi.vn/wp-content/uploads/2022/03/vi-tri-dat-phong-hop-quan-trong-nhu-the-nao.png'),
	(3, 'https://decoxdesign.com/upload/images/thiet-ke-phong-hop-02-decox-design.jpg'),
	(4, 'https://dplusvn.com/wp-content/uploads/2020/01/hinh-anh-phong-hop-dep-txd.jpg'),
	(19, 'https://www.lanha.vn/wp-content/uploads/2024/09/thiet-ke-phong-hop-20.jpg.webp'),
	(19, 'https://yealink.vn/wp-content/uploads/2022/07/FDS.jpg'),
	(21, 'https://yealink.vn/wp-content/uploads/2022/07/FDS.jpg'),
	(21, 'https://gominhlong.com/wp-content/uploads/2020/08/xu_h%C6%B0%E1%BB%9Bng_ph%C3%B2ng_h%E1%BB%8Dp_v%C3%A1n_4x9_06.082020-scaled.jpg'),
	(22, 'https://phonghoinghi.com/storage/o9/op/o9opm6xmgflj4p06nn2rmkqyr5bb_trang-tri-phong-hop-bang-kinh-cuong-luc.jpg'),
	(23, 'https://swintower.com/files/news/cac-mo-hinh-phong-hop-cho-moi-kieu-cuoc-hop-7cfajwzz.jpg'),
	(24, 'https://res.cloudinary.com/drfbxuss6/image/upload/v1744471102/arbuflzphjyjh3rtqs5b.png'),
	(25, 'https://res.cloudinary.com/drfbxuss6/image/upload/v1744471573/dvmspi6qrwjflngilvgw.png'),
	(26, 'https://res.cloudinary.com/drfbxuss6/image/upload/v1744471811/lwhsllizone9j8hj0ebz.png'),
	(27, 'https://www.deco-crystal.com/wp-content/uploads/2021/11/thiet-ke-noi-that-phong-hop.jpg'),
	(28, 'https://res.cloudinary.com/drfbxuss6/image/upload/v1744472483/dundxrnpnspzed6sxetx.png'),
	(29, 'https://res.cloudinary.com/drfbxuss6/image/upload/v1744472800/uvdaioe5sqe9bcycoqw2.png'),
	(30, 'https://res.cloudinary.com/drfbxuss6/image/upload/v1744472985/pludxlkpajlcsgykm1lr.png'),
	(31, 'https://res.cloudinary.com/drfbxuss6/image/upload/v1744474386/p4gwqmdlakf1nr0alsll.png'),
	(32, 'https://res.cloudinary.com/drfbxuss6/image/upload/v1744475263/totjlavmlk0tqqflkib6.png'),
	(33, 'https://res.cloudinary.com/drfbxuss6/image/upload/v1744475508/k6s8tiywbu8og0x4bllm.png'),
	(34, 'https://res.cloudinary.com/drfbxuss6/image/upload/v1747286600/to5kyxho5nmzpfyxtxdg.jpg'),
	(35, 'https://res.cloudinary.com/drfbxuss6/image/upload/v1747356911/jpzbofpyazfp2iwiybgt.jpg');

-- Dumping structure for table ql_datphong.service
CREATE TABLE IF NOT EXISTS `service` (
  `service_id` bigint(20) NOT NULL AUTO_INCREMENT,
  `description` varchar(255) DEFAULT NULL,
  `service_name` varchar(255) DEFAULT NULL,
  `price_service_id` bigint(20) DEFAULT NULL,
  PRIMARY KEY (`service_id`),
  UNIQUE KEY `UKtrrdkhl40spdu6wxtrmj05f9a` (`price_service_id`),
  CONSTRAINT `FK6end5gp5jwiexx8kp235u9eej` FOREIGN KEY (`price_service_id`) REFERENCES `price_service` (`price_service_id`)
) ENGINE=InnoDB AUTO_INCREMENT=17 DEFAULT CHARSET=utf8mb4 COLLATE=utf8mb4_unicode_ci;

-- Dumping data for table ql_datphong.service: ~15 rows (approximately)
INSERT INTO `service` (`service_id`, `description`, `service_name`, `price_service_id`) VALUES
	(1, 'Nước suối đóng chai', 'Nước suối', 81),
	(2, 'Cà phê pha máy', 'Cà phê', 82),
	(3, ' Nước uống ', 'Trà ô lông', 83),
	(4, 'Làm sạch, hương thơm dịu nhẹ', 'Xịt thơm phòng', 84),
	(5, 'Nhanh, gọn, sạch', 'Lau phòng', 85),
	(7, 'Hỗ trợ phiên dịch đa ngôn ngữ', 'Dịch vụ thông dịch', 86),
	(8, 'Đặt món ăn nhẹ cho cuộc họp dài', 'Đặt ăn trưa/tea break', 87),
	(9, 'Hỗ trợ tiếp khách trước khi vào họp', 'Điều phối đón tiếp khách mời', 88),
	(10, 'Kiểm tra âm thanh, máy chiếu, thiết bị', 'Hỗ trợ kỹ thuật', 89),
	(11, 'Trang trí phòng họp cho sự kiện nội bộ', 'Trang trí sự kiện nhẹ', 90),
	(12, 'In và chuẩn bị tài liệu cho người tham dự', 'In tài liệu họp', 91),
	(13, 'Truyền hình cuộc họp qua mạng nội bộ', 'Quay trực tiếp livestream', 92),
	(14, ' Bảng tên để bàn theo tên người tham dự', 'Gắn bảng tên người tham dự', 93),
	(15, 'Bánh ngọt', 'Bánh', 94),
	(16, 'Hoa và trái cây tươi mua trong ngày', 'Hoa quả', 95);

-- Dumping structure for table ql_datphong.token
CREATE TABLE IF NOT EXISTS `token` (
  `token_id` bigint(20) NOT NULL AUTO_INCREMENT,
  `expired` bit(1) NOT NULL,
  `expiry_date` datetime(6) DEFAULT NULL,
  `revoked` bit(1) NOT NULL,
  `token` varchar(255) DEFAULT NULL,
  `token_type` varchar(255) DEFAULT NULL,
  `account_id` bigint(20) DEFAULT NULL,
  PRIMARY KEY (`token_id`),
  KEY `FKftkstvcfb74ogw02bo5261kno` (`account_id`),
  CONSTRAINT `FKftkstvcfb74ogw02bo5261kno` FOREIGN KEY (`account_id`) REFERENCES `account` (`account_id`)
) ENGINE=InnoDB DEFAULT CHARSET=utf8mb4 COLLATE=utf8mb4_unicode_ci;

-- Dumping data for table ql_datphong.token: ~0 rows (approximately)

/*!40103 SET TIME_ZONE=IFNULL(@OLD_TIME_ZONE, 'system') */;
/*!40101 SET SQL_MODE=IFNULL(@OLD_SQL_MODE, '') */;
/*!40014 SET FOREIGN_KEY_CHECKS=IFNULL(@OLD_FOREIGN_KEY_CHECKS, 1) */;
/*!40101 SET CHARACTER_SET_CLIENT=@OLD_CHARACTER_SET_CLIENT */;
/*!40111 SET SQL_NOTES=IFNULL(@OLD_SQL_NOTES, 1) */;
