-- --------------------------------------------------------
-- Host:                         127.0.0.1
-- Server version:               8.0.13 - MySQL Community Server - GPL
-- Server OS:                    Win64
-- HeidiSQL Version:             12.10.0.7000
-- --------------------------------------------------------

/*!40101 SET @OLD_CHARACTER_SET_CLIENT=@@CHARACTER_SET_CLIENT */;
/*!40101 SET NAMES utf8 */;
/*!50503 SET NAMES utf8mb4 */;
/*!40103 SET @OLD_TIME_ZONE=@@TIME_ZONE */;
/*!40103 SET TIME_ZONE='+00:00' */;
/*!40014 SET @OLD_FOREIGN_KEY_CHECKS=@@FOREIGN_KEY_CHECKS, FOREIGN_KEY_CHECKS=0 */;
/*!40101 SET @OLD_SQL_MODE=@@SQL_MODE, SQL_MODE='NO_AUTO_VALUE_ON_ZERO' */;
/*!40111 SET @OLD_SQL_NOTES=@@SQL_NOTES, SQL_NOTES=0 */;


-- Dumping database structure for ql_datphong
CREATE DATABASE IF NOT EXISTS `ql_datphong` /*!40100 DEFAULT CHARACTER SET utf8mb4 COLLATE utf8mb4_unicode_ci */;
USE `ql_datphong`;

-- Dumping structure for table ql_datphong.account
CREATE TABLE IF NOT EXISTS `account` (
  `account_id` bigint(20) NOT NULL AUTO_INCREMENT,
  `password` varchar(255) DEFAULT NULL,
  `role` bit(1) NOT NULL,
  `user_name` varchar(255) DEFAULT NULL,
  PRIMARY KEY (`account_id`)
) ENGINE=InnoDB AUTO_INCREMENT=34 DEFAULT CHARSET=latin1;

-- Dumping data for table ql_datphong.account: ~28 rows (approximately)
INSERT INTO `account` (`account_id`, `password`, `role`, `user_name`) VALUES
	(1, '123', b'0', '0724653334'),
	(3, '1234', b'1', '0914653332'),
	(4, '123', b'0', '0914653331'),
	(6, '123', b'0', '0914653221'),
	(7, '123', b'0', '0914652221'),
	(8, '123', b'0', '0912652221'),
	(9, '123', b'0', '0912672221'),
	(10, '123', b'0', '0912672921'),
	(11, '123', b'0', '0919672921'),
	(12, '123', b'0', '0919642921'),
	(15, '1111', b'0', '0714653334'),
	(16, '1111', b'0', '0147152369'),
	(17, '1111', b'0', '0147852457'),
	(18, '1111', b'0', '0147852475'),
	(19, '1111', b'0', '0914654257'),
	(20, '1111', b'0', '0147852421'),
	(21, '1111', b'0', '0934707412'),
	(22, '1111', b'0', '0914653783'),
	(23, '1111', b'0', '0914653112'),
	(24, '1111', b'0', '0914657534'),
	(25, '1111', b'0', '0147852374'),
	(26, '1111', b'0', '0914653334'),
	(27, '1111', b'0', '0914653754'),
	(28, '1111', b'0', '0734707412'),
	(30, '1111', b'1', '0734654587'),
	(31, '1111', b'0', '0934707416'),
	(32, '1111', b'1', '0714653321'),
	(33, '1111', b'0', '0794707412');

-- Dumping structure for table ql_datphong.branch
CREATE TABLE IF NOT EXISTS `branch` (
  `branch_id` bigint(20) NOT NULL AUTO_INCREMENT,
  `branch_name` varchar(255) COLLATE utf8mb4_unicode_ci DEFAULT NULL,
  PRIMARY KEY (`branch_id`)
) ENGINE=InnoDB AUTO_INCREMENT=11 DEFAULT CHARSET=utf8mb4 COLLATE=utf8mb4_unicode_ci;

-- Dumping data for table ql_datphong.branch: ~10 rows (approximately)
INSERT INTO `branch` (`branch_id`, `branch_name`) VALUES
	(1, 'TP. Hồ Chí Minh'),
	(2, 'Hà Nội'),
	(3, 'Đà Nẵng'),
	(4, 'Hòa Bình'),
	(5, 'Cần Thơ'),
	(6, 'Tây Ninh'),
	(7, 'Vũng Tàu'),
	(8, 'Hạ Long'),
	(9, 'Nha Trang'),
	(10, 'Bạc Liêu');

-- Dumping structure for table ql_datphong.building
CREATE TABLE IF NOT EXISTS `building` (
  `building_id` bigint(20) NOT NULL AUTO_INCREMENT,
  `building_name` varchar(255) COLLATE utf8mb4_unicode_ci DEFAULT NULL,
  `branch_id` bigint(20) DEFAULT NULL,
  PRIMARY KEY (`building_id`),
  KEY `FKm5b5l1b9f611y750y6uegr4kx` (`branch_id`),
  CONSTRAINT `FKm5b5l1b9f611y750y6uegr4kx` FOREIGN KEY (`branch_id`) REFERENCES `branch` (`branch_id`)
) ENGINE=InnoDB AUTO_INCREMENT=18 DEFAULT CHARSET=utf8mb4 COLLATE=utf8mb4_unicode_ci;

-- Dumping data for table ql_datphong.building: ~17 rows (approximately)
INSERT INTO `building` (`building_id`, `building_name`, `branch_id`) VALUES
	(1, 'A', 1),
	(2, 'B', 1),
	(3, 'C', 1),
	(4, 'D', 1),
	(5, 'E', 1),
	(6, 'B', 2),
	(7, 'A', 2),
	(8, 'C', 2),
	(9, 'D', 2),
	(10, 'E', 2),
	(11, 'A', 3),
	(12, 'B', 3),
	(13, 'C', 3),
	(14, 'D', 3),
	(15, 'F', 1),
	(16, 'A', 6),
	(17, 'B', 6);

-- Dumping structure for table ql_datphong.department
CREATE TABLE IF NOT EXISTS `department` (
  `department_id` bigint(20) NOT NULL AUTO_INCREMENT,
  `dep_name` varchar(255) CHARACTER SET utf8mb4 COLLATE utf8mb4_unicode_ci DEFAULT NULL,
  `location_id` bigint(20) DEFAULT NULL,
  PRIMARY KEY (`department_id`),
  UNIQUE KEY `UKe19n7n78ppli0pc6nstem49ya` (`location_id`),
  CONSTRAINT `FKrf9pmd4xvkiuh46soainevapk` FOREIGN KEY (`location_id`) REFERENCES `location` (`location_id`)
) ENGINE=InnoDB AUTO_INCREMENT=8 DEFAULT CHARSET=latin1;

-- Dumping data for table ql_datphong.department: ~4 rows (approximately)
INSERT INTO `department` (`department_id`, `dep_name`, `location_id`) VALUES
	(1, 'IT', 1),
	(2, 'MKT', 2),
	(3, 'TE', 3),
	(4, 'BE', 4);

-- Dumping structure for table ql_datphong.device
CREATE TABLE IF NOT EXISTS `device` (
  `device_id` bigint(20) NOT NULL AUTO_INCREMENT,
  `description` varchar(255) COLLATE utf8mb4_unicode_ci DEFAULT NULL,
  `device_name` varchar(255) COLLATE utf8mb4_unicode_ci DEFAULT NULL,
  PRIMARY KEY (`device_id`)
) ENGINE=InnoDB AUTO_INCREMENT=16 DEFAULT CHARSET=utf8mb4 COLLATE=utf8mb4_unicode_ci;

-- Dumping data for table ql_datphong.device: ~13 rows (approximately)
INSERT INTO `device` (`device_id`, `description`, `device_name`) VALUES
	(1, 'Độ phân giải từ HD đến 4K, Hỗ trợ HDMI, USB, Wi-Fi, Bluetooth', 'Máy chiếu loại 1'),
	(2, ' Có gắn nam châm để ghim tài liệu', 'Bảng trắng'),
	(3, ' Hình ảnh sắc nét, tiết kiệm điện', 'Ti vi'),
	(6, 'Khuếch đại âm thanh rõ trong phòng họp', 'Công cụ loa'),
	(7, 'macbook', 'Laptop'),
	(8, 'Độ phân giải cao, kỹ thuật tốt', 'Máy chiếu loại 2'),
	(9, 'Điều khiển slide từ xa tiện lợi', 'Remote trình chiếu'),
	(10, 'Làm mát không gian phòng họp hiệu quả', 'Điều hòa âm trần'),
	(11, 'Hiển thị hình ảnh rõ nét, sắc màu tốt', 'Màn hình LED'),
	(12, 'Thu âm rõ ràng, di chuyển linh hoạt', 'Micro không dây'),
	(13, 'Quay video cuộc họp', 'Camera hội nghị'),
	(14, 'Cung cấp nguồn cho nhiều thiết bị', 'Ổ cắm đa năng'),
	(15, 'Giảm tạp âm từ môi trường xung quanh', 'Thiết bị chống ồn');

-- Dumping structure for table ql_datphong.employee
CREATE TABLE IF NOT EXISTS `employee` (
  `employee_id` bigint(20) NOT NULL AUTO_INCREMENT,
  `avatar` varchar(255) COLLATE utf8mb4_unicode_ci DEFAULT NULL,
  `email` varchar(255) COLLATE utf8mb4_unicode_ci DEFAULT NULL,
  `employee_name` varchar(255) COLLATE utf8mb4_unicode_ci DEFAULT NULL,
  `is_actived` bit(1) NOT NULL,
  `phone` varchar(255) COLLATE utf8mb4_unicode_ci NOT NULL,
  `account_id` bigint(20) DEFAULT NULL,
  `department_id` bigint(20) DEFAULT NULL,
  PRIMARY KEY (`employee_id`),
  UNIQUE KEY `UKbuf2qp04xpwfp5qq355706h4a` (`phone`),
  UNIQUE KEY `UKlsnx7na4u8ohrhoeag7un4wh3` (`account_id`),
  KEY `FKbejtwvg9bxus2mffsm3swj3u9` (`department_id`),
  CONSTRAINT `FKbejtwvg9bxus2mffsm3swj3u9` FOREIGN KEY (`department_id`) REFERENCES `department` (`department_id`),
  CONSTRAINT `FKcfg6ajo8oske94exynxpf7tf9` FOREIGN KEY (`account_id`) REFERENCES `account` (`account_id`)
) ENGINE=InnoDB AUTO_INCREMENT=33 DEFAULT CHARSET=utf8mb4 COLLATE=utf8mb4_unicode_ci;

-- Dumping data for table ql_datphong.employee: ~28 rows (approximately)
INSERT INTO `employee` (`employee_id`, `avatar`, `email`, `employee_name`, `is_actived`, `phone`, `account_id`, `department_id`) VALUES
	(1, 'https://cdn11.dienmaycholon.vn/filewebdmclnew/public/userupload/files/Image%20FP_2024/avatar-cute-45.jpg', '123@gmail.com', 'Nguyễn Trọng Đạt', b'1', '0914653334', 1, 1),
	(2, 'https://chiemtaimobile.vn/images/companies/1/%E1%BA%A2nh%20Blog/avatar-facebook-dep/top-36-anh-dai-dien-dep-cho-nu/hinh-anh-avatar-cute-nu-facebook.jpg?1708402214695', '123a@gmail.com', 'Võ Tấn Dũng', b'0', '0714653333', NULL, 1),
	(3, 'https://nano-ceramic.vn/wp-content/uploads/2024/12/300-hinh-anh-dai-dien-dep-cho-facebook-tiktok-zalo-78.jpg', '123@gmail.com', 'Nguyễn Gia Huy', b'1', '0914653332', 3, 1),
	(4, 'https://antimatter.vn/wp-content/uploads/2022/12/anh-avatar-facebook-vo-danh-avt-fb-cho-nu-1.jpg', '123@gmail.com', 'Lê Quang Huy', b'1', '0914653331', 4, 2),
	(5, 'https://encrypted-tbn0.gstatic.com/images?q=tbn:ANd9GcSgVh6MXV6tFmK2tMbXkn2U5OF_DdL9067R4avQN2LJgzdavNsMlL1oe6Za8eMfRaBaG4g&usqp=CAU', '123@gmail.com', 'Võ Hiếu', b'1', '0714653321', 32, 2),
	(6, 'https://encrypted-tbn0.gstatic.com/images?q=tbn:ANd9GcQb_QKVSW6hLxRMtwB6ZAgh_SHtLaSx70k491eNG8bmfNd2rCZ4Am5VGg1mvj4880EV7YA&usqp=CAU', '123@gmail.com', 'Nguyễn Thị Dung', b'1', '0914653221', 6, 2),
	(7, 'https://i.pinimg.com/564x/f6/51/63/f65163a24228b1f3d837e1df62637dc9.jpg', '123@gmail.com', 'Trần Nhật Hưng', b'1', '0914652221', 7, 2),
	(8, 'https://scr.vn/wp-content/uploads/2020/07/avt-%C4%91%E1%BA%B9p-cho-nam.jpg', '123@gmail.com', 'Nguyễn Thái Duy', b'1', '0912652221', 8, 3),
	(9, 'https://chiemtaimobile.vn/images/companies/1/%E1%BA%A2nh%20Blog/avatar-facebook-dep/Bo-suu-tap-anh-avatar-anime-nu-co-gai-bang-do-do.jpg?1704789148675', '123@gmail.com', 'Nguyễn Quang Đạt', b'1', '0912672221', 9, 3),
	(10, 'https://anhdephd.vn/wp-content/uploads/2022/10/avatar-dep-cute-nam-cam-dien-thoai-600x600.jpg', '123@gmail.com', 'Lê Thị Sáu', b'1', '0912672921', 10, 3),
	(11, 'https://anhdephd.vn/wp-content/uploads/2022/10/avatar-dep-cute-nam-che-mat-600x600.jpg', '123@gmail.com', 'Nguyễn Tấn', b'1', '0919672921', 11, 3),
	(12, 'https://anhdephd.vn/wp-content/uploads/2022/10/avatar-dep-cute-cho-con-trai-600x600.jpg', '123@gmail.com', 'Lê Bảo', b'1', '0919642921', 12, 3),
	(17, 'https://anhdephd.vn/wp-content/uploads/2022/03/anh-dai-dien-nam-phong-cach.jpg', 'dat124@gmail.com', 'Trọng Ba', b'1', '0934707416', 31, 1),
	(18, 'https://i.pinimg.com/736x/6e/af/1a/6eaf1a844ae4b6fa6eeb6ff17f468cc0.jpg', '123@gmail.com', 'Thúy Kiều', b'1', '0734654587', 30, 4),
	(19, 'https://deviet.vn/wp-content/uploads/2019/04/vuong-quoc-anh.jpg', '1234@gmail.com', 'Hạ Thiên', b'1', '0714653334', 15, 4),
	(20, 'https://res.cloudinary.com/drfbxuss6/image/upload/v1742290383/vf1r7ym5d8aq5wfg8r8y.png', '123@gmail.com', 'Lại Minh Dương', b'1', '0147152369', 16, 3),
	(21, 'https://haycafe.vn/wp-content/uploads/2021/11/anh-avatar-fb-troi-nong-de-thuong.jpg', '1235@gmail.com', 'Hàn Mặc', b'1', '0147852457', 17, 4),
	(22, 'https://i.pinimg.com/736x/6e/af/1a/6eaf1a844ae4b6fa6eeb6ff17f468cc0.jpg', '123@gmail.com', 'Kỷ Vô Phong', b'0', '0147852475', 18, 1),
	(23, 'https://chiemtaimobile.vn/images/companies/1/%E1%BA%A2nh%20Blog/avatar-facebook-dep/anh-avatar-doi-cute-bi-ban-trung-tim.jpg?1704917509025', '123@gmail.com', 'Ngô Thị Lam', b'1', '0914654257', 19, 2),
	(24, 'https://chiemtaimobile.vn/images/companies/1/%E1%BA%A2nh%20Blog/avatar-facebook-dep/anh-avatar-doi-cute-ban-tim.jpg?1704917543424', '123@gmail.com', 'Vương Thái Bình', b'0', '0147852421', 20, 1),
	(25, 'https://www.phanmemninja.com/wp-content/uploads/2023/06/avatar-facebook-doi-4.jpeg', 'dat123@gmail.com', 'Trọng Đạt', b'1', '0934707412', 21, 3),
	(26, 'https://chiemtaimobile.vn/images/companies/1/%E1%BA%A2nh%20Blog/avatar-facebook-dep/Anh-avatar-hoat-hinh-de-thuong-xinh-xan.jpg?1704788263223', '123@gmail.com', 'Khôi Nguyên', b'1', '0914653783', 22, 4),
	(27, 'https://nano-ceramic.vn/wp-content/uploads/2024/12/300-hinh-anh-dai-dien-dep-cho-facebook-tiktok-zalo-79.jpg', '123@gmail.com', 'Nguyễn Trọng Đạt', b'1', '0914653112', 23, 4),
	(28, 'https://chiemtaimobile.vn/images/companies/1/%E1%BA%A2nh%20Blog/avatar-facebook-dep/Hinh-dai-dien-hai-huoc-cam-dep-duoi-ai-do.jpg?1704789789335', '123@gmail.com', 'Văn Minh', b'1', '0914657534', 24, 4),
	(29, 'https://res.cloudinary.com/drfbxuss6/image/upload/v1742269586/dplh712llaupvzc8xp66.png', '123@gmail.com', 'Võ Tấn Dương', b'1', '0147852374', 25, 3),
	(30, 'https://res.cloudinary.com/drfbxuss6/image/upload/v1742292982/bteom8rdwnxnxq2hfout.png', 'dung123@gmail.com', 'Võ Dũng', b'1', '0914653754', 27, 3),
	(31, 'https://deviet.vn/wp-content/uploads/2019/04/vuong-quoc-anh.jpg', 'dat123@gmail.com', 'Trọng Đạt', b'1', '0734707412', 28, 1),
	(32, 'https://i.pinimg.com/564x/24/21/85/242185eaef43192fc3f9646932fe3b46.jpg', 'dat123@gmail.com', 'Trọng Đình', b'1', '0794707412', 33, 1);

-- Dumping structure for table ql_datphong.location
CREATE TABLE IF NOT EXISTS `location` (
  `location_id` bigint(20) NOT NULL AUTO_INCREMENT,
  `floor` varchar(255) COLLATE utf8mb4_unicode_ci DEFAULT NULL,
  `building_id` bigint(20) DEFAULT NULL,
  PRIMARY KEY (`location_id`),
  KEY `FKc5g968pkh4pjgf69m88cwyx3q` (`building_id`),
  CONSTRAINT `FKc5g968pkh4pjgf69m88cwyx3q` FOREIGN KEY (`building_id`) REFERENCES `building` (`building_id`)
) ENGINE=InnoDB AUTO_INCREMENT=28 DEFAULT CHARSET=utf8mb4 COLLATE=utf8mb4_unicode_ci;

-- Dumping data for table ql_datphong.location: ~25 rows (approximately)
INSERT INTO `location` (`location_id`, `floor`, `building_id`) VALUES
	(1, '1', 1),
	(2, '1', 2),
	(3, '2', 1),
	(4, '1', 7),
	(5, '1', 11),
	(6, '2', 2),
	(7, '2', 3),
	(8, '2', 4),
	(9, '1', 4),
	(11, '3', 1),
	(12, '3', 7),
	(13, '3', 2),
	(14, '3', 3),
	(15, '3', 4),
	(16, '3', 6),
	(17, '3', 12),
	(18, '3', 5),
	(19, '3', 9),
	(20, '3', 14),
	(22, '4', 1),
	(23, '1', 2),
	(24, '1', 16),
	(25, '2', 16),
	(26, '3', 16),
	(27, '1', 15);

-- Dumping structure for table ql_datphong.log
CREATE TABLE IF NOT EXISTS `log` (
  `log_id` bigint(20) NOT NULL AUTO_INCREMENT,
  `action` varchar(255) COLLATE utf8mb4_unicode_ci DEFAULT NULL,
  `time` datetime(6) DEFAULT NULL,
  `account_id` bigint(20) DEFAULT NULL,
  PRIMARY KEY (`log_id`),
  UNIQUE KEY `UK7vj7qw714561rssch090tw994` (`account_id`),
  CONSTRAINT `FK503ama154cr4d3cyc7741l4b7` FOREIGN KEY (`account_id`) REFERENCES `account` (`account_id`)
) ENGINE=InnoDB DEFAULT CHARSET=utf8mb4 COLLATE=utf8mb4_unicode_ci;

-- Dumping data for table ql_datphong.log: ~0 rows (approximately)

-- Dumping structure for table ql_datphong.price
CREATE TABLE IF NOT EXISTS `price` (
  `price_id` bigint(20) NOT NULL AUTO_INCREMENT,
  `time_end` datetime(6) DEFAULT NULL,
  `time_start` datetime(6) DEFAULT NULL,
  `is_active` bit(1) NOT NULL,
  `price_name` varchar(255) COLLATE utf8mb4_unicode_ci DEFAULT NULL,
  PRIMARY KEY (`price_id`)
) ENGINE=InnoDB AUTO_INCREMENT=91 DEFAULT CHARSET=utf8mb4 COLLATE=utf8mb4_unicode_ci;

-- Dumping data for table ql_datphong.price: ~6 rows (approximately)
INSERT INTO `price` (`price_id`, `time_end`, `time_start`, `is_active`, `price_name`) VALUES
	(60, '2025-03-24 21:00:00.000000', '2025-03-22 20:00:00.000000', b'1', 'Bảng giá tháng 3'),
	(86, '2025-03-25 00:00:00.000000', '2025-03-25 00:00:00.000000', b'1', 'Bang gia cuoi thang 3'),
	(87, '2025-03-25 00:00:00.000000', '2025-03-24 00:00:00.000000', b'0', 'Bang gia thong nhat'),
	(88, '2025-04-30 00:00:00.000000', '2025-04-01 00:00:00.000000', b'0', 'Bang gia thang 4'),
	(89, '2025-05-31 00:00:00.000000', '2025-05-01 00:00:00.000000', b'1', 'Bang gia thang 5'),
	(90, '2025-04-30 00:00:00.000000', '2025-04-01 00:00:00.000000', b'0', 'Bang gia dich vu thang 4');

-- Dumping structure for table ql_datphong.price_room
CREATE TABLE IF NOT EXISTS `price_room` (
  `price_room_id` bigint(20) NOT NULL AUTO_INCREMENT,
  `value` int(11) NOT NULL,
  `price_id` bigint(20) DEFAULT NULL,
  `room_id` bigint(20) DEFAULT NULL,
  PRIMARY KEY (`price_room_id`),
  UNIQUE KEY `UKlynkhcfujxi70ei57ar4y4xg5` (`room_id`,`price_id`),
  KEY `FK8eqadmnyk5fnxc43tb45c6i5t` (`price_id`),
  KEY `UKl16w63xqsuoxkm9mqks0488ay` (`room_id`) USING BTREE,
  CONSTRAINT `FK5a2ubf8n867utgtcg0n3n6d6q` FOREIGN KEY (`room_id`) REFERENCES `room` (`room_id`),
  CONSTRAINT `FK8eqadmnyk5fnxc43tb45c6i5t` FOREIGN KEY (`price_id`) REFERENCES `price` (`price_id`)
) ENGINE=InnoDB AUTO_INCREMENT=144 DEFAULT CHARSET=utf8mb4 COLLATE=utf8mb4_unicode_ci;

-- Dumping data for table ql_datphong.price_room: ~120 rows (approximately)
INSERT INTO `price_room` (`price_room_id`, `value`, `price_id`, `room_id`) VALUES
	(1, 100, 60, 1),
	(2, 100, 60, 2),
	(3, 100, 60, 4),
	(4, 100, 60, 7),
	(5, 100, 60, 8),
	(6, 100, 60, 3),
	(7, 100, 60, 9),
	(8, 100, 60, 10),
	(9, 100, 60, 11),
	(10, 100, 60, 12),
	(11, 100, 60, 13),
	(12, 100, 60, 14),
	(13, 100, 60, 15),
	(14, 100, 60, 16),
	(16, 100, 60, 17),
	(17, 100, 60, 18),
	(18, 100, 60, 19),
	(20, 100, 60, 21),
	(21, 100, 60, 22),
	(22, 100, 60, 23),
	(44, 100, 86, 1),
	(45, 100, 86, 2),
	(46, 100, 86, 4),
	(47, 100, 86, 7),
	(48, 100, 86, 8),
	(49, 100, 86, 3),
	(50, 100, 86, 9),
	(51, 100, 86, 10),
	(52, 100, 86, 11),
	(53, 100, 86, 12),
	(54, 100, 86, 13),
	(55, 100, 86, 14),
	(56, 100, 86, 15),
	(57, 100, 86, 16),
	(58, 100, 86, 17),
	(59, 100, 86, 18),
	(60, 100, 86, 19),
	(61, 100, 86, 21),
	(62, 100, 86, 22),
	(63, 100, 86, 23),
	(64, 100, 87, 1),
	(65, 100, 87, 2),
	(66, 100, 87, 4),
	(67, 100, 87, 7),
	(68, 100, 87, 8),
	(69, 100, 87, 3),
	(70, 100, 87, 9),
	(71, 100, 87, 10),
	(72, 100, 87, 11),
	(73, 100, 87, 12),
	(74, 100, 87, 13),
	(75, 100, 87, 14),
	(76, 100, 87, 15),
	(77, 100, 87, 16),
	(78, 100, 87, 17),
	(79, 100, 87, 18),
	(80, 100, 87, 19),
	(81, 100, 87, 21),
	(82, 100, 87, 22),
	(83, 100, 87, 23),
	(84, 100, 88, 1),
	(85, 100, 88, 2),
	(86, 100, 88, 4),
	(87, 100, 88, 7),
	(88, 100, 88, 8),
	(89, 100, 88, 3),
	(90, 100, 88, 9),
	(91, 100, 88, 10),
	(92, 100, 88, 11),
	(93, 100, 88, 12),
	(94, 100, 88, 13),
	(95, 100, 88, 14),
	(96, 100, 88, 15),
	(97, 100, 88, 16),
	(98, 100, 88, 17),
	(99, 100, 88, 18),
	(100, 100, 88, 19),
	(101, 100, 88, 21),
	(102, 100, 88, 22),
	(103, 100, 88, 23),
	(104, 100, 89, 1),
	(105, 100, 89, 2),
	(106, 100, 89, 4),
	(107, 100, 89, 7),
	(108, 100, 89, 8),
	(109, 100, 89, 3),
	(110, 100, 89, 9),
	(111, 100, 89, 10),
	(112, 100, 89, 11),
	(113, 100, 89, 12),
	(114, 100, 89, 13),
	(115, 100, 89, 14),
	(116, 100, 89, 15),
	(117, 100, 89, 16),
	(118, 100, 89, 17),
	(119, 100, 89, 18),
	(120, 100, 89, 19),
	(121, 100, 89, 21),
	(122, 100, 89, 22),
	(123, 100, 89, 23),
	(124, 100, 90, 1),
	(125, 100, 90, 2),
	(126, 100, 90, 4),
	(127, 100, 90, 7),
	(128, 100, 90, 8),
	(129, 100, 90, 3),
	(130, 100, 90, 9),
	(131, 100, 90, 10),
	(132, 100, 90, 11),
	(133, 100, 90, 12),
	(134, 100, 90, 13),
	(135, 100, 90, 14),
	(136, 100, 90, 15),
	(137, 100, 90, 16),
	(138, 100, 90, 17),
	(139, 100, 90, 18),
	(140, 100, 90, 19),
	(141, 100, 90, 21),
	(142, 100, 90, 22),
	(143, 100, 90, 23);

-- Dumping structure for table ql_datphong.price_service
CREATE TABLE IF NOT EXISTS `price_service` (
  `price_service_id` bigint(20) NOT NULL AUTO_INCREMENT,
  `value` int(11) NOT NULL,
  `price_id` bigint(20) DEFAULT NULL,
  `service_id` bigint(20) DEFAULT NULL,
  PRIMARY KEY (`price_service_id`),
  UNIQUE KEY `UK57v8x49o30lr2v0twu4j4nmef` (`service_id`,`price_id`),
  KEY `FKrbepo404axh3neju6mq4m4d2x` (`price_id`),
  KEY `UKik8jgdonaclrbr90eyaicp34v` (`service_id`) USING BTREE,
  CONSTRAINT `FKleht4864jwdppa07at594pf6x` FOREIGN KEY (`service_id`) REFERENCES `service` (`service_id`),
  CONSTRAINT `FKrbepo404axh3neju6mq4m4d2x` FOREIGN KEY (`price_id`) REFERENCES `price` (`price_id`)
) ENGINE=InnoDB AUTO_INCREMENT=96 DEFAULT CHARSET=utf8mb4 COLLATE=utf8mb4_unicode_ci;

-- Dumping data for table ql_datphong.price_service: ~90 rows (approximately)
INSERT INTO `price_service` (`price_service_id`, `value`, `price_id`, `service_id`) VALUES
	(1, 100000, 60, 1),
	(2, 100000, 60, 2),
	(3, 100000, 60, 3),
	(4, 100000, 60, 4),
	(5, 100000, 60, 5),
	(6, 100000, 60, 7),
	(7, 100000, 60, 8),
	(8, 100000, 60, 9),
	(9, 100000, 60, 10),
	(10, 100000, 60, 11),
	(11, 100000, 60, 12),
	(12, 100000, 60, 13),
	(13, 100000, 60, 14),
	(14, 100000, 60, 15),
	(15, 100000, 60, 16),
	(21, 100000, 86, 1),
	(22, 100000, 86, 2),
	(23, 100000, 86, 3),
	(24, 100000, 86, 4),
	(25, 100000, 86, 5),
	(26, 100000, 86, 7),
	(27, 100000, 86, 8),
	(28, 100000, 86, 9),
	(29, 100000, 86, 10),
	(30, 100000, 86, 11),
	(31, 100000, 86, 12),
	(32, 100000, 86, 13),
	(33, 100000, 86, 14),
	(34, 100000, 86, 15),
	(35, 100000, 86, 16),
	(36, 100000, 87, 1),
	(37, 100000, 87, 2),
	(38, 100000, 87, 3),
	(39, 100000, 87, 4),
	(40, 100000, 87, 5),
	(41, 100000, 87, 7),
	(42, 100000, 87, 8),
	(43, 100000, 87, 9),
	(44, 100000, 87, 10),
	(45, 100000, 87, 11),
	(46, 100000, 87, 12),
	(47, 100000, 87, 13),
	(48, 100000, 87, 14),
	(49, 100000, 87, 15),
	(50, 100000, 87, 16),
	(51, 100000, 88, 1),
	(52, 100000, 88, 2),
	(53, 100000, 88, 3),
	(54, 100000, 88, 4),
	(55, 100000, 88, 5),
	(56, 100000, 88, 7),
	(57, 100000, 88, 8),
	(58, 100000, 88, 9),
	(59, 100000, 88, 10),
	(60, 100000, 88, 11),
	(61, 100000, 88, 12),
	(62, 100000, 88, 13),
	(63, 100000, 88, 14),
	(64, 100000, 88, 15),
	(65, 100000, 88, 16),
	(66, 100000, 89, 1),
	(67, 100000, 89, 2),
	(68, 100000, 89, 3),
	(69, 100000, 89, 4),
	(70, 100000, 89, 5),
	(71, 100000, 89, 7),
	(72, 100000, 89, 8),
	(73, 100000, 89, 9),
	(74, 100000, 89, 10),
	(75, 100000, 89, 11),
	(76, 100000, 89, 12),
	(77, 100000, 89, 13),
	(78, 100000, 89, 14),
	(79, 100000, 89, 15),
	(80, 100000, 89, 16),
	(81, 100000, 90, 1),
	(82, 100000, 90, 2),
	(83, 120000, 90, 3),
	(84, 130000, 90, 4),
	(85, 100000, 90, 5),
	(86, 120000, 90, 7),
	(87, 100000, 90, 8),
	(88, 100000, 90, 9),
	(89, 100000, 90, 10),
	(90, 100000, 90, 11),
	(91, 100000, 90, 12),
	(92, 100000, 90, 13),
	(93, 100000, 90, 14),
	(94, 100000, 90, 15),
	(95, 100000, 90, 16);

-- Dumping structure for table ql_datphong.request_form
CREATE TABLE IF NOT EXISTS `request_form` (
  `request_form_id` bigint(20) NOT NULL AUTO_INCREMENT,
  `reason_reject` varchar(255) COLLATE utf8mb4_unicode_ci DEFAULT NULL,
  `status_request_form` enum('APPROVED','PENDING','REJECTED') COLLATE utf8mb4_unicode_ci DEFAULT NULL,
  `time_request` datetime(6) DEFAULT NULL,
  `time_response` datetime(6) DEFAULT NULL,
  `type_request_form` enum('RESERVATION_ONETIME','RESERVATION_RECURRING','UPDATE_RESERVATION') COLLATE utf8mb4_unicode_ci DEFAULT NULL,
  `request_reservation_id` bigint(20) DEFAULT NULL,
  PRIMARY KEY (`request_form_id`),
  UNIQUE KEY `UK4wvvelb7ftp0dinjvshie3bqh` (`request_reservation_id`),
  CONSTRAINT `FKgmwfeoqaw7utlpwec164wlu52` FOREIGN KEY (`request_reservation_id`) REFERENCES `request_reservation` (`request_reservation_id`)
) ENGINE=InnoDB AUTO_INCREMENT=38 DEFAULT CHARSET=utf8mb4 COLLATE=utf8mb4_unicode_ci;

-- Dumping data for table ql_datphong.request_form: ~29 rows (approximately)
INSERT INTO `request_form` (`request_form_id`, `reason_reject`, `status_request_form`, `time_request`, `time_response`, `type_request_form`, `request_reservation_id`) VALUES
	(1, NULL, 'APPROVED', '2025-03-20 15:00:00.000000', '2025-03-22 10:04:26.847000', 'RESERVATION_ONETIME', 1),
	(2, NULL, 'APPROVED', '2025-03-20 15:00:00.000000', '2025-03-22 10:04:26.847000', 'RESERVATION_ONETIME', 2),
	(3, NULL, 'APPROVED', '2025-03-20 15:00:00.000000', '2025-03-22 10:04:26.847000', 'RESERVATION_ONETIME', 3),
	(4, NULL, 'APPROVED', '2025-03-20 15:00:00.000000', '2025-03-22 10:04:26.847000', 'RESERVATION_ONETIME', 4),
	(5, NULL, 'PENDING', '2025-03-20 15:00:00.000000', NULL, 'RESERVATION_RECURRING', 5),
	(9, NULL, 'APPROVED', '2025-03-21 02:28:36.632000', '2025-03-22 10:04:26.847000', 'RESERVATION_ONETIME', 9),
	(10, NULL, 'PENDING', '2025-03-21 02:42:35.868000', NULL, 'RESERVATION_ONETIME', 10),
	(11, 'Bận', 'REJECTED', '2025-03-21 03:15:17.002000', '2025-03-22 09:54:22.315000', 'RESERVATION_ONETIME', 11),
	(12, NULL, 'APPROVED', '2025-03-21 03:17:36.134000', '2025-03-22 10:04:26.836000', 'RESERVATION_ONETIME', 12),
	(13, NULL, 'APPROVED', '2025-03-22 13:04:22.993000', '2025-03-23 10:01:45.214000', 'RESERVATION_ONETIME', 13),
	(14, NULL, 'APPROVED', '2025-03-24 01:11:47.859000', '2025-03-24 01:16:45.858000', 'UPDATE_RESERVATION', 14),
	(15, NULL, 'PENDING', '2025-03-24 08:00:42.763000', NULL, 'RESERVATION_ONETIME', 15),
	(16, NULL, 'PENDING', '2025-03-24 08:01:39.777000', NULL, 'RESERVATION_ONETIME', 16),
	(17, NULL, 'PENDING', '2025-03-24 08:03:47.385000', NULL, 'RESERVATION_RECURRING', 17),
	(18, NULL, 'PENDING', '2025-03-24 08:05:20.867000', NULL, 'RESERVATION_ONETIME', 18),
	(19, NULL, 'APPROVED', '2025-03-24 08:26:08.379000', '2025-03-24 08:34:20.569000', 'UPDATE_RESERVATION', 19),
	(20, NULL, 'PENDING', '2025-03-24 08:44:57.391000', NULL, 'RESERVATION_RECURRING', 20),
	(22, NULL, 'PENDING', '2025-03-26 12:28:03.982000', NULL, 'RESERVATION_ONETIME', 22),
	(23, NULL, 'PENDING', '2025-03-26 14:16:37.826000', NULL, 'RESERVATION_ONETIME', 23),
	(24, NULL, 'PENDING', '2025-03-26 15:05:28.636000', NULL, 'RESERVATION_ONETIME', 24),
	(25, NULL, 'PENDING', '2025-03-26 15:08:38.071000', NULL, 'RESERVATION_ONETIME', 25),
	(26, NULL, 'PENDING', '2025-03-26 15:14:57.628000', NULL, 'RESERVATION_ONETIME', 26),
	(27, NULL, 'PENDING', '2025-03-26 15:20:07.284000', NULL, 'RESERVATION_ONETIME', 27),
	(28, NULL, 'PENDING', '2025-03-26 15:23:26.748000', NULL, 'RESERVATION_ONETIME', 28),
	(29, NULL, 'PENDING', '2025-03-26 15:46:25.331000', NULL, 'RESERVATION_ONETIME', 29),
	(30, NULL, 'PENDING', '2025-03-26 15:49:32.951000', NULL, 'RESERVATION_ONETIME', 30),
	(31, NULL, 'PENDING', '2025-03-26 15:53:38.319000', NULL, 'RESERVATION_ONETIME', 31),
	(32, NULL, 'PENDING', '2025-03-26 16:47:12.465000', NULL, 'UPDATE_RESERVATION', 32),
	(37, NULL, 'PENDING', '2025-03-23 15:00:00.000000', NULL, 'UPDATE_RESERVATION', 35);

-- Dumping structure for table ql_datphong.request_form_reservations
CREATE TABLE IF NOT EXISTS `request_form_reservations` (
  `request_form_id` bigint(20) NOT NULL,
  `reservation_id` bigint(20) NOT NULL,
  KEY `FKgn43md1jy3c94uyamonvwebcx` (`reservation_id`),
  KEY `FKgqum23i5l7ebxfmd03ox86knc` (`request_form_id`),
  CONSTRAINT `FKgn43md1jy3c94uyamonvwebcx` FOREIGN KEY (`reservation_id`) REFERENCES `reservation` (`reservation_id`),
  CONSTRAINT `FKgqum23i5l7ebxfmd03ox86knc` FOREIGN KEY (`request_form_id`) REFERENCES `request_form` (`request_form_id`)
) ENGINE=InnoDB DEFAULT CHARSET=utf8mb4 COLLATE=utf8mb4_unicode_ci;

-- Dumping data for table ql_datphong.request_form_reservations: ~42 rows (approximately)
INSERT INTO `request_form_reservations` (`request_form_id`, `reservation_id`) VALUES
	(4, 39),
	(5, 40),
	(5, 41),
	(1, 36),
	(2, 37),
	(3, 38),
	(9, 42),
	(10, 43),
	(11, 44),
	(12, 45),
	(13, 46),
	(14, 41),
	(15, 47),
	(16, 48),
	(17, 49),
	(17, 50),
	(17, 51),
	(17, 52),
	(18, 53),
	(19, 41),
	(20, 54),
	(20, 55),
	(20, 56),
	(20, 57),
	(20, 58),
	(20, 59),
	(20, 60),
	(20, 61),
	(20, 62),
	(20, 63),
	(22, 64),
	(23, 65),
	(24, 66),
	(25, 67),
	(26, 68),
	(27, 69),
	(28, 70),
	(29, 71),
	(30, 72),
	(31, 73),
	(32, 67),
	(37, 69);

-- Dumping structure for table ql_datphong.request_reservation
CREATE TABLE IF NOT EXISTS `request_reservation` (
  `request_reservation_id` bigint(20) NOT NULL AUTO_INCREMENT,
  `booker_id` bigint(20) NOT NULL,
  `description` varchar(255) COLLATE utf8mb4_unicode_ci DEFAULT NULL,
  `frequency` tinyint(4) DEFAULT NULL,
  `note` varchar(255) COLLATE utf8mb4_unicode_ci DEFAULT NULL,
  `room_id` bigint(20) NOT NULL,
  `time` datetime(6) DEFAULT NULL,
  `time_end` datetime(6) DEFAULT NULL,
  `time_start` datetime(6) DEFAULT NULL,
  `title` varchar(255) COLLATE utf8mb4_unicode_ci DEFAULT NULL,
  PRIMARY KEY (`request_reservation_id`)
) ENGINE=InnoDB AUTO_INCREMENT=36 DEFAULT CHARSET=utf8mb4 COLLATE=utf8mb4_unicode_ci;

-- Dumping data for table ql_datphong.request_reservation: ~30 rows (approximately)
INSERT INTO `request_reservation` (`request_reservation_id`, `booker_id`, `description`, `frequency`, `note`, `room_id`, `time`, `time_end`, `time_start`, `title`) VALUES
	(1, 1, 'kho khan cua hoc', 0, 'mang theo tai lieu tuan truoc', 1, '2025-03-20 15:00:00.000000', '2025-03-21 14:00:00.000000', '2025-03-21 13:00:00.000000', 'Xử lý tồn đọng'),
	(2, 1, 'kho khan cua hoc', 0, 'mang theo tai lieu tuan truoc', 1, '2025-03-22 15:00:00.000000', '2025-03-23 14:00:00.000000', '2025-03-23 13:00:00.000000', 'Giới thiệu về AI'),
	(3, 1, 'kho khan cua hoc', 0, 'mang theo tai lieu tuan truoc', 1, '2025-03-22 15:00:00.000000', '2025-03-24 16:00:00.000000', '2025-03-24 15:00:00.000000', 'Họp đột xuất'),
	(4, 1, 'kho khan cua hoc', 0, 'mang theo tai lieu tuan truoc', 1, '2025-03-22 15:00:00.000000', '2025-03-24 14:00:00.000000', '2025-03-24 13:00:00.000000', 'Đánh giá hiệu suất'),
	(5, 1, 'kho khan cua hoc', 2, 'mang theo tai lieu tuan truoc', 9, '2025-03-22 15:00:00.000000', '2025-03-25 14:00:00.000000', '2025-03-25 13:00:00.000000', 'Đánh giá hiệu suất tháng'),
	(9, 1, 'tốt', 0, 'nộp tài liệu', 3, '2025-03-21 02:26:56.924000', '2025-03-23 08:30:00.000000', '2025-03-23 07:30:00.000000', 'Phân tích rủi ro'),
	(10, 2, 'sak', 0, 'nộp tài liệu', 3, '2025-03-21 02:42:07.462000', '2025-03-24 08:30:00.000000', '2025-03-24 07:30:00.000000', 'Báo cáo KL'),
	(11, 1, 'sak', 0, 'nộp tài liệu', 3, '2025-03-21 03:13:30.220000', '2025-03-22 09:00:00.000000', '2025-03-22 08:30:00.000000', 'Kế hoạch mới'),
	(12, 1, 'sa', 0, 'nộp tài liệu', 3, '2025-03-21 03:17:05.961000', '2025-03-21 09:00:00.000000', '2025-03-21 08:30:00.000000', 'Tổng kết công việc tuần'),
	(13, 1, 'Đem tài liệu', 0, 'Đi đúng giờ', 9, '2025-03-22 13:02:15.406000', '2025-03-27 10:00:00.000000', '2025-03-27 08:00:00.000000', 'Họp nội bộ'),
	(14, 0, NULL, NULL, 'Đi đúng giờ', 0, NULL, NULL, NULL, 'Đánh giá hiệu suất tháng'),
	(15, 1, 'Đem tài liệu', 0, 'Đi đúng giờ', 3, '2025-03-24 08:00:07.627000', '2025-03-29 14:30:00.000000', '2025-03-29 13:00:00.000000', 'Khóa luận'),
	(16, 1, 'Cuộc họp quan trọng', 0, 'Đi đúng giờ', 8, '2025-03-24 08:00:54.727000', '2025-03-28 14:30:00.000000', '2025-03-28 13:00:00.000000', 'Báo cáo tài chính'),
	(17, 1, 'Đem tài liệu', 1, 'Đi đúng giờ', 2, '2025-03-24 08:01:50.529000', '2025-03-30 08:30:00.000000', '2025-03-30 08:00:00.000000', 'Báo cáo đầu tuần'),
	(18, 1, 'Cuộc họp quan trọng', 0, 'Đi đúng giờ', 7, '2025-03-24 08:04:12.901000', '2025-03-24 10:30:00.000000', '2025-03-24 09:00:00.000000', 'Phương hướng doanh nghiệp'),
	(19, 0, NULL, NULL, 'Đi đúng giờ', 0, NULL, NULL, NULL, NULL),
	(20, 1, 'Đem tài liệu', 1, 'Đi đúng giờ', 8, '2025-03-24 08:43:27.682000', '2025-03-24 12:30:00.000000', '2025-03-24 11:30:00.000000', 'Cuộc họp hằng tuần'),
	(21, 1, '', 1, '', 9, '2025-03-25 00:32:32.481000', '2025-03-25 09:00:00.000000', '2025-03-25 08:30:00.000000', ''),
	(22, 1, 'Rất bổ ích', 0, 'Rất bổ ích', 8, '2025-03-26 12:26:18.964000', '2025-03-28 10:00:00.000000', '2025-03-28 09:30:00.000000', 'Định hướng tương lai'),
	(23, 1, 'Đem tài liệu', 0, 'Đi đúng giờ', 3, '2025-03-26 14:15:37.632000', '2025-03-27 10:30:00.000000', '2025-03-27 09:00:00.000000', 'Phát triển ứng dụng'),
	(24, 1, 'Cuộc họp quan trọng', 0, 'Đi đúng giờ', 10, '2025-03-26 15:02:45.130000', '2025-03-26 16:30:00.000000', '2025-03-26 16:00:00.000000', 'Bổ sung chiến lược'),
	(25, 1, 'Cuộc họp quan trọng', 0, 'Đi đúng giờ', 9, '2025-03-26 15:07:47.985000', '2025-03-27 07:30:00.000000', '2025-03-27 07:00:00.000000', 'Huy động vốn'),
	(26, 1, 'Cuộc họp quan trọng', 0, 'Đi đúng giờ', 10, '2025-03-26 15:13:54.173000', '2025-04-01 10:30:00.000000', '2025-04-01 10:00:00.000000', 'Triển khai dự án'),
	(27, 1, 'Cuộc họp quan trọng', 0, 'Đi đúng giờ', 10, '2025-03-26 15:19:13.781000', '2025-04-01 14:30:00.000000', '2025-04-01 14:00:00.000000', 'Chỉ tiêu bình quân'),
	(28, 1, '', 0, '', 3, '2025-03-26 15:22:35.590000', '2025-03-31 09:30:00.000000', '2025-03-31 08:30:00.000000', 'Hỗ trợ khó khăn'),
	(29, 1, 'Cuộc họp quan trọng', 0, 'Đi đúng giờ', 3, '2025-03-26 15:45:41.631000', '2025-04-01 14:30:00.000000', '2025-04-01 13:30:00.000000', 'Dự án khởi nghiệp'),
	(30, 1, '', 0, '', 3, '2025-03-26 15:48:44.346000', '2025-04-01 08:30:00.000000', '2025-04-01 08:00:00.000000', 'Dự án Ủng hộ người nghèo'),
	(31, 1, '', 0, '', 7, '2025-03-26 15:53:09.853000', '2025-04-02 09:00:00.000000', '2025-04-02 08:30:00.000000', 'Đánh giá năng lực'),
	(32, 0, NULL, NULL, '', 0, NULL, NULL, NULL, NULL),
	(35, 1, 'Cuộc họp quan trọng', 0, 'Đi đúng giờ', 10, '2025-03-26 15:19:13.781000', '2025-04-01 14:30:00.000000', '2025-04-01 14:00:00.000000', 'Chỉ tiêu bình quân');

-- Dumping structure for table ql_datphong.request_reservation_employee_ids
CREATE TABLE IF NOT EXISTS `request_reservation_employee_ids` (
  `request_reservation_request_reservation_id` bigint(20) NOT NULL,
  `employee_ids` bigint(20) DEFAULT NULL,
  KEY `FK6mg0270i3c0kisbagweokgy2w` (`request_reservation_request_reservation_id`),
  CONSTRAINT `FK6mg0270i3c0kisbagweokgy2w` FOREIGN KEY (`request_reservation_request_reservation_id`) REFERENCES `request_reservation` (`request_reservation_id`)
) ENGINE=InnoDB DEFAULT CHARSET=utf8mb4 COLLATE=utf8mb4_unicode_ci;

-- Dumping data for table ql_datphong.request_reservation_employee_ids: ~62 rows (approximately)
INSERT INTO `request_reservation_employee_ids` (`request_reservation_request_reservation_id`, `employee_ids`) VALUES
	(1, 4),
	(1, 2),
	(1, 3),
	(2, 4),
	(2, 2),
	(2, 3),
	(3, 4),
	(3, 2),
	(3, 3),
	(4, 4),
	(4, 2),
	(4, 3),
	(5, 4),
	(5, 2),
	(5, 3),
	(9, 5),
	(10, 3),
	(11, 3),
	(12, 3),
	(13, 4),
	(14, 1),
	(14, 2),
	(14, 3),
	(15, 5),
	(16, 18),
	(16, 10),
	(17, 4),
	(17, 12),
	(18, 5),
	(18, 8),
	(18, 4),
	(19, 1),
	(19, 2),
	(20, 2),
	(20, 18),
	(22, 7),
	(22, 5),
	(22, 2),
	(22, 26),
	(22, 23),
	(23, 1),
	(23, 2),
	(24, 1),
	(24, 3),
	(25, 1),
	(25, 6),
	(26, 1),
	(26, 5),
	(26, 7),
	(27, 1),
	(27, 5),
	(28, 1),
	(28, 6),
	(29, 1),
	(29, 6),
	(29, 5),
	(30, 1),
	(30, 4),
	(31, 1),
	(31, 5),
	(35, 1),
	(35, 5);

-- Dumping structure for table ql_datphong.request_reservation_file_paths
CREATE TABLE IF NOT EXISTS `request_reservation_file_paths` (
  `request_reservation_request_reservation_id` bigint(20) NOT NULL,
  `file_paths` varchar(255) COLLATE utf8mb4_unicode_ci DEFAULT NULL,
  KEY `FK24et6fkmono2ad04j18nv1o75` (`request_reservation_request_reservation_id`),
  CONSTRAINT `FK24et6fkmono2ad04j18nv1o75` FOREIGN KEY (`request_reservation_request_reservation_id`) REFERENCES `request_reservation` (`request_reservation_id`)
) ENGINE=InnoDB DEFAULT CHARSET=utf8mb4 COLLATE=utf8mb4_unicode_ci;

-- Dumping data for table ql_datphong.request_reservation_file_paths: ~21 rows (approximately)
INSERT INTO `request_reservation_file_paths` (`request_reservation_request_reservation_id`, `file_paths`) VALUES
	(1, 'file1'),
	(1, 'file2'),
	(2, 'file1'),
	(2, 'file2'),
	(3, 'file1'),
	(3, 'file2'),
	(4, 'file1'),
	(4, 'file2'),
	(5, 'file1'),
	(5, 'file2'),
	(9, 'C:\\fakepath\\Screenshot 2025-02-09 105805.png'),
	(10, 'C:\\fakepath\\Screenshot 2025-02-09 105805.png'),
	(11, 'C:\\fakepath\\Screenshot 2025-02-09 105805.png'),
	(12, 'C:\\fakepath\\Screenshot 2025-02-09 091803.png'),
	(14, 'file1'),
	(14, 'file2'),
	(19, 'file1'),
	(19, 'file2'),
	(20, 'C:\\fakepath\\Screenshot 2025-01-23 203418.png'),
	(22, 'C:\\fakepath\\Screenshot 2025-02-06 110840.png'),
	(24, 'C:\\fakepath\\dac-ta-usecase.docx');

-- Dumping structure for table ql_datphong.request_reservation_service_ids
CREATE TABLE IF NOT EXISTS `request_reservation_service_ids` (
  `request_reservation_request_reservation_id` bigint(20) NOT NULL,
  `service_ids` bigint(20) DEFAULT NULL,
  KEY `FKh8f65v65tge9ikupt91pa2hy8` (`request_reservation_request_reservation_id`),
  CONSTRAINT `FKh8f65v65tge9ikupt91pa2hy8` FOREIGN KEY (`request_reservation_request_reservation_id`) REFERENCES `request_reservation` (`request_reservation_id`)
) ENGINE=InnoDB DEFAULT CHARSET=utf8mb4 COLLATE=utf8mb4_unicode_ci;

-- Dumping data for table ql_datphong.request_reservation_service_ids: ~45 rows (approximately)
INSERT INTO `request_reservation_service_ids` (`request_reservation_request_reservation_id`, `service_ids`) VALUES
	(1, 1),
	(1, 2),
	(2, 1),
	(2, 2),
	(3, 1),
	(3, 2),
	(4, 1),
	(4, 2),
	(5, 1),
	(5, 2),
	(9, 2),
	(10, 2),
	(10, 4),
	(11, 3),
	(12, 3),
	(13, 2),
	(13, 1),
	(13, 3),
	(14, 1),
	(14, 2),
	(15, 3),
	(15, 5),
	(16, 5),
	(18, 7),
	(18, 2),
	(18, 1),
	(19, 1),
	(19, 2),
	(19, 4),
	(19, 7),
	(20, 2),
	(20, 4),
	(22, 3),
	(22, 5),
	(22, 8),
	(24, 2),
	(25, 4),
	(26, 3),
	(27, 2),
	(29, 4),
	(32, 4),
	(32, 1),
	(35, 1),
	(35, 2),
	(35, 3);

-- Dumping structure for table ql_datphong.request_reservation_time_finish_frequency
CREATE TABLE IF NOT EXISTS `request_reservation_time_finish_frequency` (
  `request_reservation_request_reservation_id` bigint(20) NOT NULL,
  `time_finish_frequency` datetime(6) DEFAULT NULL,
  KEY `FKa0p9flnsdheg6oxuu4c7njldx` (`request_reservation_request_reservation_id`),
  CONSTRAINT `FKa0p9flnsdheg6oxuu4c7njldx` FOREIGN KEY (`request_reservation_request_reservation_id`) REFERENCES `request_reservation` (`request_reservation_id`)
) ENGINE=InnoDB DEFAULT CHARSET=utf8mb4 COLLATE=utf8mb4_unicode_ci;

-- Dumping data for table ql_datphong.request_reservation_time_finish_frequency: ~33 rows (approximately)
INSERT INTO `request_reservation_time_finish_frequency` (`request_reservation_request_reservation_id`, `time_finish_frequency`) VALUES
	(1, '2025-03-22 21:00:00.000000'),
	(2, '2025-03-22 21:00:00.000000'),
	(3, '2025-03-22 21:00:00.000000'),
	(4, '2025-03-22 21:00:00.000000'),
	(5, '2025-03-25 21:00:00.000000'),
	(5, '2025-03-26 21:00:00.000000'),
	(15, '2025-03-24 07:00:00.000000'),
	(16, '2025-03-24 07:00:00.000000'),
	(17, '2025-03-24 07:00:00.000000'),
	(17, '2025-03-27 07:00:00.000000'),
	(17, '2025-03-29 07:00:00.000000'),
	(17, '2025-03-30 07:00:00.000000'),
	(18, '2025-03-24 07:00:00.000000'),
	(20, '2025-03-25 07:00:00.000000'),
	(20, '2025-03-26 07:00:00.000000'),
	(20, '2025-03-28 07:00:00.000000'),
	(20, '2025-03-29 07:00:00.000000'),
	(20, '2025-03-30 07:00:00.000000'),
	(20, '2025-04-01 07:00:00.000000'),
	(20, '2025-04-02 07:00:00.000000'),
	(20, '2025-04-03 07:00:00.000000'),
	(20, '2025-04-04 07:00:00.000000'),
	(20, '2025-04-05 07:00:00.000000'),
	(23, '2025-03-27 08:00:00.000000'),
	(24, '2025-03-26 07:00:00.000000'),
	(25, '2025-03-27 07:00:00.000000'),
	(26, '2025-04-01 10:00:00.000000'),
	(27, '2025-04-01 14:00:00.000000'),
	(28, '2025-03-31 08:30:00.000000'),
	(29, '2025-04-01 13:30:00.000000'),
	(30, '2025-04-01 08:00:00.000000'),
	(31, '2025-04-02 08:30:00.000000'),
	(35, '2025-04-01 14:00:00.000000');

-- Dumping structure for table ql_datphong.reservation
CREATE TABLE IF NOT EXISTS `reservation` (
  `reservation_id` bigint(20) NOT NULL AUTO_INCREMENT,
  `booker_id` bigint(20) DEFAULT NULL,
  `description` varchar(255) COLLATE utf8mb4_unicode_ci DEFAULT NULL,
  `frequency` enum('DAILY','ONE_TIME','WEEKLY') COLLATE utf8mb4_unicode_ci DEFAULT NULL,
  `note` varchar(255) COLLATE utf8mb4_unicode_ci DEFAULT NULL,
  `status_reservation` enum('CANCELED','CHECKED_IN','COMPLETED','WAITING','PENDING','NOT_CHECKED_IN') COLLATE utf8mb4_unicode_ci DEFAULT NULL,
  `time` datetime(6) DEFAULT NULL,
  `time_check_in` datetime(6) DEFAULT NULL,
  `time_check_out` datetime(6) DEFAULT NULL,
  `time_end` datetime(6) DEFAULT NULL,
  `time_start` datetime(6) DEFAULT NULL,
  `title` varchar(255) COLLATE utf8mb4_unicode_ci DEFAULT NULL,
  `total` int(11) NOT NULL,
  `cancle_reservation_id` bigint(20) DEFAULT NULL,
  `room_id` bigint(20) DEFAULT NULL,
  `time_approve` datetime(6) DEFAULT NULL,
  `time_cancel` datetime(6) DEFAULT NULL,
  `time_payment` datetime(6) DEFAULT NULL,
  PRIMARY KEY (`reservation_id`),
  UNIQUE KEY `UKj5gdk59td4xcakbprt8kt1e4m` (`cancle_reservation_id`),
  KEY `FK6p46jda7n10vl4kr1n0c6et6v` (`booker_id`),
  KEY `FKm8xumi0g23038cw32oiva2ymw` (`room_id`),
  CONSTRAINT `FK6p46jda7n10vl4kr1n0c6et6v` FOREIGN KEY (`booker_id`) REFERENCES `employee` (`employee_id`),
  CONSTRAINT `FKm8xumi0g23038cw32oiva2ymw` FOREIGN KEY (`room_id`) REFERENCES `room` (`room_id`)
) ENGINE=InnoDB AUTO_INCREMENT=74 DEFAULT CHARSET=utf8mb4 COLLATE=utf8mb4_unicode_ci;

-- Dumping data for table ql_datphong.reservation: ~73 rows (approximately)
INSERT INTO `reservation` (`reservation_id`, `booker_id`, `description`, `frequency`, `note`, `status_reservation`, `time`, `time_check_in`, `time_check_out`, `time_end`, `time_start`, `title`, `total`, `cancle_reservation_id`, `room_id`, `time_approve`, `time_cancel`, `time_payment`) VALUES
	(1, 1, ' ', 'ONE_TIME', '1', 'COMPLETED', '2025-02-28 01:35:28.000000', '2025-02-28 08:30:00.000000', '2025-02-28 10:00:00.000000', '2025-02-28 10:00:00.000000', '2025-02-28 08:30:00.000000', 'Nghiên cứu khoa học', 400, NULL, 1, '2025-03-17 10:06:10.456000', NULL, NULL),
	(2, 2, ' ', 'ONE_TIME', 'a', 'COMPLETED', '2025-02-28 01:35:28.000000', '2025-03-01 08:30:00.000000', '2025-03-01 10:00:00.000000', '2025-03-01 10:00:00.000000', '2025-03-01 08:30:00.000000', 'Kế hoạch truyền thông', 300, NULL, 1, '2025-03-17 10:06:10.548000', NULL, NULL),
	(3, 1, ' ', 'ONE_TIME', 'a', 'WAITING', '2025-02-28 01:35:28.000000', '2025-03-02 08:30:00.000000', '2025-03-02 10:00:00.000000', '2025-03-02 10:00:00.000000', '2025-03-02 08:30:00.000000', 'Báo cáo hệ thống', 400, NULL, 1, '2025-02-28 01:39:28.000000', NULL, NULL),
	(4, 3, ' ', 'ONE_TIME', 'a', 'COMPLETED', '2025-02-28 01:35:28.000000', '2025-03-03 08:30:00.000000', '2025-03-03 10:00:00.000000', '2025-03-03 10:00:00.000000', '2025-03-03 08:30:00.000000', 'Báo cáo tuần ', 400, NULL, 4, '2025-02-28 01:39:28.000000', NULL, NULL),
	(5, 1, ' ', 'ONE_TIME', 'a', 'CANCELED', '2025-02-28 01:35:28.000000', '2025-03-04 08:30:00.000000', '2025-03-04 10:00:00.000000', '2025-03-04 10:00:00.000000', '2025-03-04 08:30:00.000000', 'Báo cáo quý', 400, NULL, 1, '2025-02-28 01:39:28.000000', NULL, NULL),
	(6, 1, ' ', 'ONE_TIME', 'a', 'CANCELED', '2025-02-28 01:35:28.000000', '2025-03-05 08:30:00.000000', '2025-03-05 10:00:00.000000', '2025-03-05 10:00:00.000000', '2025-03-05 08:30:00.000000', 'Tổng kết quý', 400, NULL, 2, '2025-02-28 01:39:28.000000', NULL, NULL),
	(7, 4, ' ', 'ONE_TIME', '1', 'WAITING', '2025-02-28 01:35:28.000000', '2025-03-06 08:30:00.000000', '2025-03-06 10:00:00.000000', '2025-03-06 10:00:00.000000', '2025-03-06 08:30:00.000000', 'Lên kế hoạch tổng thu', 400, NULL, 1, '2025-02-28 01:39:28.000000', NULL, NULL),
	(8, 1, ' ', 'ONE_TIME', '1', 'COMPLETED', '2025-02-28 01:35:28.000000', '2025-03-07 08:30:00.000000', '2025-03-07 10:00:00.000000', '2025-03-07 10:00:00.000000', '2025-03-07 08:30:00.000000', 'Chốt vấn đề cần thiết', 400, NULL, 1, '2025-02-28 01:39:28.000000', NULL, NULL),
	(9, 1, ' ', 'ONE_TIME', '11', 'CHECKED_IN', '2025-02-28 01:35:28.000000', '2025-03-08 08:30:00.000000', '2025-03-08 10:00:00.000000', '2025-03-08 10:00:00.000000', '2025-03-08 08:30:00.000000', 'Khó khăn về việc học', 400, NULL, 3, '2025-02-28 01:39:28.000000', NULL, NULL),
	(10, 1, ' ', 'ONE_TIME', '1', 'COMPLETED', '2025-02-28 01:35:28.000000', '2025-03-09 08:30:00.000000', '2025-03-09 10:00:00.000000', '2025-03-09 10:00:00.000000', '2025-03-09 08:30:00.000000', 'Cách tận dụng AI', 400, NULL, 3, '2025-02-28 01:39:28.000000', NULL, NULL),
	(11, 5, ' ', 'ONE_TIME', '1', 'WAITING', '2025-02-28 01:35:28.000000', '2025-03-10 08:30:00.000000', '2025-03-10 10:00:00.000000', '2025-03-10 10:00:00.000000', '2025-03-10 08:30:00.000000', 'Sự mơ hồ trong công việc', 400, NULL, 3, '2025-02-28 01:39:28.000000', NULL, NULL),
	(12, 1, ' ', 'ONE_TIME', '1', 'WAITING', '2025-02-28 01:35:28.000000', '2025-03-11 08:30:00.000000', '2025-03-11 10:00:00.000000', '2025-03-11 10:00:00.000000', '2025-03-11 08:30:00.000000', 'Cách khai thác IDE', 400, NULL, 1, '2025-02-28 01:39:28.000000', NULL, NULL),
	(13, 1, ' ', 'ONE_TIME', '1', 'WAITING', '2025-02-28 01:35:28.000000', '2025-03-12 08:30:00.000000', '2025-03-12 10:00:00.000000', '2025-03-12 10:00:00.000000', '2025-03-12 08:30:00.000000', 'Tổng kết cả năm', 400, NULL, 1, '2025-02-28 01:39:28.000000', NULL, NULL),
	(14, 1, ' ', 'ONE_TIME', '1', 'WAITING', '2025-02-28 01:35:28.000000', '2025-03-12 10:30:00.000000', '2025-03-12 11:00:00.000000', '2025-03-12 11:00:00.000000', '2025-03-12 10:30:00.000000', 'Thường tuần', 400, NULL, 1, '2025-02-28 01:39:28.000000', NULL, NULL),
	(15, 2, ' ', 'ONE_TIME', '1', 'COMPLETED', '2025-02-28 01:35:28.000000', '2025-03-12 14:30:00.000000', '2025-03-12 16:00:00.000000', '2025-03-12 16:00:00.000000', '2025-03-12 14:30:00.000000', 'Lên kế hoạch thu chi', 400, NULL, 1, '2025-02-28 01:39:28.000000', NULL, NULL),
	(16, 1, 'phan bo tai chinh', 'DAILY', NULL, 'WAITING', '2025-03-16 15:00:00.000000', NULL, NULL, '2025-03-16 17:00:00.000000', '2025-03-16 16:00:00.000000', 'Kế hoạch triển khai', 6125, NULL, 1, '2025-03-16 15:06:00.000000', NULL, NULL),
	(17, 1, 'phan bo tai chinh', 'DAILY', NULL, 'WAITING', '2025-03-16 15:00:00.000000', NULL, NULL, '2025-03-17 17:00:00.000000', '2025-03-17 16:00:00.000000', 'Kế hoạch kinh doanh', 6125, NULL, 1, '2025-03-16 15:06:00.000000', NULL, NULL),
	(18, 1, 'phan bo tai chinh', 'DAILY', NULL, 'WAITING', '2025-03-16 15:00:00.000000', NULL, NULL, '2025-03-18 17:00:00.000000', '2025-03-18 16:00:00.000000', 'Tổng kết cả năm', 6125, NULL, 1, '2025-03-16 15:06:00.000000', NULL, NULL),
	(19, 1, 'phan bo tai chinh', 'DAILY', NULL, 'COMPLETED', '2025-03-16 15:00:00.000000', NULL, NULL, '2025-03-19 17:00:00.000000', '2025-03-19 16:00:00.000000', 'Kế hoạch kinh doanh', 6125, NULL, 1, '2025-03-17 06:10:26.145000', NULL, NULL),
	(20, 1, 'tốt', 'ONE_TIME', NULL, 'WAITING', '2025-03-16 16:52:12.395000', NULL, NULL, '2025-03-19 09:00:00.000000', '2025-03-19 07:30:00.000000', 'Tính chi thu', 92025, NULL, 12, '2025-03-16 16:53:12.395000', NULL, NULL),
	(21, 1, 'tốt', 'ONE_TIME', NULL, 'WAITING', '2025-03-16 16:55:39.204000', NULL, NULL, '2025-03-16 14:00:00.000000', '2025-03-16 07:00:00.000000', 'Họp hội đồng', 420100, NULL, 12, '2025-03-16 16:56:12.395000', NULL, NULL),
	(22, 1, '', 'DAILY', NULL, 'WAITING', '2025-03-17 01:35:44.442000', NULL, NULL, '2025-03-18 17:30:00.000000', '2025-03-18 14:30:00.000000', 'Khảo sát', 182000, NULL, 12, NULL, NULL, NULL),
	(23, 1, '', 'DAILY', NULL, 'WAITING', '2025-03-17 01:35:44.442000', NULL, NULL, '2025-03-19 17:30:00.000000', '2025-03-19 14:30:00.000000', 'Môi trường', 182000, NULL, 12, NULL, NULL, NULL),
	(24, 1, 'kế hoạch cuối kỳ', 'WEEKLY', NULL, 'WAITING', '2025-03-17 08:33:47.664000', NULL, NULL, '2025-03-18 09:00:00.000000', '2025-03-18 07:30:00.000000', 'Thống nhất kế hoạch', 12800, NULL, 2, NULL, NULL, NULL),
	(25, 1, 'kế hoạch cuối kỳ', 'WEEKLY', NULL, 'WAITING', '2025-03-17 08:33:47.664000', NULL, NULL, '2025-03-25 09:00:00.000000', '2025-03-25 07:30:00.000000', 'Thống nhất kế hoạch', 12800, NULL, 2, NULL, NULL, NULL),
	(26, 1, 'tốt', 'DAILY', NULL, 'WAITING', '2025-03-17 10:15:34.872000', NULL, NULL, '2025-03-21 09:00:00.000000', '2025-03-21 08:00:00.000000', 'Báo cáo định kỳ', 64000, NULL, 12, NULL, NULL, NULL),
	(27, 1, 'tốt', 'DAILY', NULL, 'WAITING', '2025-03-17 10:15:34.872000', NULL, NULL, '2025-03-22 09:00:00.000000', '2025-03-22 08:00:00.000000', 'Báo cáo định kỳ', 64000, NULL, 12, NULL, NULL, NULL),
	(28, 1, 'tốt', 'DAILY', NULL, 'WAITING', '2025-03-17 10:15:34.872000', NULL, NULL, '2025-03-23 09:00:00.000000', '2025-03-23 08:00:00.000000', 'Báo cáo định kỳ', 64000, NULL, 12, NULL, NULL, NULL),
	(29, 1, 'tốt', 'ONE_TIME', NULL, 'WAITING', '2025-03-20 09:09:10.946000', NULL, NULL, '2025-03-21 09:00:00.000000', '2025-03-21 07:30:00.000000', 'Họp nhóm kế hoạch', 11700100, NULL, 22, NULL, NULL, NULL),
	(30, 1, 'tốt', 'ONE_TIME', 'đi', 'WAITING', '2025-03-20 12:21:36.674000', NULL, NULL, '2025-03-17 12:30:00.000000', '2025-03-17 08:30:00.000000', 'Họp nhóm', 31202100, NULL, 22, NULL, NULL, NULL),
	(31, 1, 'sa', 'ONE_TIME', NULL, 'WAITING', '2025-03-20 12:25:50.841000', NULL, NULL, '2025-03-20 08:30:00.000000', '2025-03-20 08:00:00.000000', 'Họp định hướng phát triển quý', 32000, NULL, 12, NULL, NULL, NULL),
	(32, 1, ' tốt', 'ONE_TIME', NULL, 'WAITING', '2025-03-20 12:29:03.415000', NULL, NULL, '2025-03-20 15:00:00.000000', '2025-03-20 13:30:00.000000', 'Xử lý vấn đề nội bộ', 32000, NULL, 21, NULL, NULL, NULL),
	(33, 1, 'ta', 'ONE_TIME', NULL, 'WAITING', '2025-03-20 13:04:27.159000', NULL, NULL, '2025-03-20 09:00:00.000000', '2025-03-20 08:30:00.000000', 'Cuộc họp khởi động chiến dịch mới', 30025, NULL, 19, NULL, NULL, NULL),
	(34, 1, 'tt', 'ONE_TIME', NULL, 'WAITING', '2025-03-20 13:16:10.429000', NULL, NULL, '2025-03-20 09:30:00.000000', '2025-03-20 09:00:00.000000', 'Thảo luận ý tưởng sản phẩm mới', 30025, NULL, 19, NULL, NULL, NULL),
	(35, 1, 'iiii', 'ONE_TIME', NULL, 'WAITING', '2025-03-20 14:21:26.400000', NULL, NULL, '2025-03-20 10:00:00.000000', '2025-03-20 09:30:00.000000', 'Cập nhật tiến độ công việc nhóm', 3630, NULL, 2, NULL, NULL, NULL),
	(36, 1, 'kho khan cua hoc', 'ONE_TIME', NULL, 'WAITING', '2025-03-20 15:00:00.000000', NULL, NULL, '2025-03-21 14:00:00.000000', '2025-03-21 13:00:00.000000', 'Xử lý tồn đọng', 150125, NULL, 1, NULL, NULL, NULL),
	(37, 1, 'kho khan cua hoc', 'ONE_TIME', NULL, 'WAITING', '2025-03-22 15:00:00.000000', NULL, NULL, '2025-03-22 14:00:00.000000', '2025-03-23 13:00:00.000000', 'Giới thiệu về AI', -137875, NULL, 1, NULL, NULL, NULL),
	(38, 1, 'kho khan cua hoc', 'ONE_TIME', NULL, 'WAITING', '2025-03-22 15:00:00.000000', NULL, NULL, '2025-03-24 16:00:00.000000', '2025-03-24 15:00:00.000000', 'Họp đột xuất', 6125, NULL, 1, NULL, NULL, NULL),
	(39, 1, 'kho khan cua hoc', 'ONE_TIME', NULL, 'WAITING', '2025-03-22 15:00:00.000000', NULL, NULL, '2025-03-24 14:00:00.000000', '2025-03-24 13:00:00.000000', 'Đánh giá hiệu suất', 6125, NULL, 1, NULL, NULL, NULL),
	(40, 1, 'kho khan cua hoc', 'WEEKLY', NULL, 'WAITING', '2025-03-22 15:00:00.000000', NULL, NULL, '2025-03-25 14:00:00.000000', '2025-03-25 13:00:00.000000', 'Đánh giá hiệu suất tháng', 6125, NULL, 9, NULL, NULL, NULL),
	(41, 1, 'kho khan cua hoc', 'WEEKLY', 'Đi đúng giờ', 'NOT_CHECKED_IN', '2025-03-22 15:00:00.000000', NULL, NULL, '2025-03-26 11:00:00.000000', '2025-03-26 10:00:00.000000', 'Đánh giá hiệu suất tháng', 6125, NULL, 9, NULL, NULL, NULL),
	(42, 1, 'tốt', 'ONE_TIME', NULL, 'WAITING', '2025-03-21 02:26:56.924000', NULL, NULL, '2025-03-23 10:30:00.000000', '2025-03-23 08:30:00.000000', 'Phân tích rủi ro', -7775, NULL, 3, NULL, NULL, NULL),
	(43, 2, 'sak', 'ONE_TIME', NULL, 'PENDING', '2025-03-21 02:42:07.462000', NULL, NULL, '2025-03-24 07:30:00.000000', '2025-03-24 08:30:00.000000', 'Báo cáo KL', -7745, NULL, 3, NULL, NULL, NULL),
	(44, 1, 'sak', 'ONE_TIME', NULL, 'COMPLETED', '2025-03-21 03:13:30.220000', NULL, NULL, '2025-03-22 09:00:00.000000', '2025-03-22 08:30:00.000000', 'Kế hoạch mới', 5900, NULL, 3, NULL, NULL, NULL),
	(45, 1, 'sa', 'ONE_TIME', NULL, 'WAITING', '2025-03-21 03:17:05.961000', NULL, NULL, '2025-03-21 09:00:00.000000', '2025-03-21 08:30:00.000000', 'Tổng kết công việc tuần', 5900, NULL, 3, NULL, NULL, NULL),
	(46, 2, 'Đem tài liệu', 'ONE_TIME', NULL, 'WAITING', '2025-03-22 13:02:15.406000', NULL, NULL, '2025-03-27 17:00:00.000000', '2025-03-27 15:00:00.000000', 'Họp nội bộ', 312000, NULL, 9, NULL, NULL, NULL),
	(47, 1, 'Đem tài liệu', 'ONE_TIME', NULL, 'PENDING', '2025-03-24 08:00:07.627000', NULL, NULL, '2025-03-29 13:30:00.000000', '2025-03-29 12:00:00.000000', 'Khóa luận', 203000, NULL, 3, NULL, NULL, NULL),
	(48, 1, 'Cuộc họp quan trọng', 'ONE_TIME', 'Tính toán số liệu', 'PENDING', '2025-03-24 08:00:54.727000', NULL, NULL, '2025-03-28 14:30:00.000000', '2025-03-28 13:00:00.000000', 'Báo cáo tài chính', 103000, NULL, 8, NULL, NULL, NULL),
	(49, 2, 'Đem tài liệu', 'DAILY', NULL, 'PENDING', '2025-03-24 08:01:50.529000', NULL, NULL, '2025-03-24 08:30:00.000000', '2025-03-24 08:00:00.000000', 'Báo cáo đầu tuần', 3000, NULL, 2, NULL, NULL, NULL),
	(50, 2, 'Đem tài liệu', 'DAILY', NULL, 'PENDING', '2025-03-24 08:01:50.529000', NULL, NULL, '2025-03-27 08:30:00.000000', '2025-03-27 08:00:00.000000', 'Báo cáo đầu tuần', 3000, NULL, 2, NULL, NULL, NULL),
	(51, 2, 'Đem tài liệu', 'DAILY', NULL, 'PENDING', '2025-03-24 08:01:50.529000', NULL, NULL, '2025-03-29 08:30:00.000000', '2025-03-29 08:00:00.000000', 'Báo cáo đầu tuần', 3000, NULL, 2, NULL, NULL, NULL),
	(52, 2, 'Đem tài liệu', 'DAILY', NULL, 'PENDING', '2025-03-24 08:01:50.529000', NULL, NULL, '2025-03-30 08:30:00.000000', '2025-03-30 08:00:00.000000', 'Báo cáo đầu tuần', 3000, NULL, 2, NULL, NULL, NULL),
	(53, 1, 'Cuộc họp quan trọng', 'ONE_TIME', NULL, 'PENDING', '2025-03-24 08:04:12.901000', NULL, NULL, '2025-03-24 10:30:00.000000', '2025-03-24 09:00:00.000000', 'Phương hướng doanh nghiệp', 309000, NULL, 7, NULL, NULL, NULL),
	(54, 1, 'Đem tài liệu', 'DAILY', NULL, 'PENDING', '2025-03-24 08:43:27.682000', NULL, NULL, '2025-03-25 12:30:00.000000', '2025-03-25 11:30:00.000000', 'Cuộc họp hằng tuần', 206000, NULL, 8, NULL, NULL, NULL),
	(55, 1, 'Đem tài liệu', 'DAILY', NULL, 'PENDING', '2025-03-24 08:43:27.682000', NULL, NULL, '2025-03-26 12:30:00.000000', '2025-03-26 11:30:00.000000', 'Cuộc họp hằng tuần', 206000, NULL, 8, NULL, NULL, NULL),
	(56, 1, 'Đem tài liệu', 'DAILY', NULL, 'PENDING', '2025-03-24 08:43:27.682000', NULL, NULL, '2025-03-28 12:30:00.000000', '2025-03-28 11:30:00.000000', 'Cuộc họp hằng tuần', 206000, NULL, 8, NULL, NULL, NULL),
	(57, 1, 'Đem tài liệu', 'DAILY', NULL, 'PENDING', '2025-03-24 08:43:27.682000', NULL, NULL, '2025-03-29 12:30:00.000000', '2025-03-29 11:30:00.000000', 'Cuộc họp hằng tuần', 206000, NULL, 8, NULL, NULL, NULL),
	(58, 1, 'Đem tài liệu', 'DAILY', NULL, 'PENDING', '2025-03-24 08:43:27.682000', NULL, NULL, '2025-03-30 12:30:00.000000', '2025-03-30 11:30:00.000000', 'Cuộc họp hằng tuần', 206000, NULL, 8, NULL, NULL, NULL),
	(59, 1, 'Đem tài liệu', 'DAILY', NULL, 'PENDING', '2025-03-24 08:43:27.682000', NULL, NULL, '2025-04-01 12:30:00.000000', '2025-04-01 11:30:00.000000', 'Cuộc họp hằng tuần', 206000, NULL, 8, NULL, NULL, NULL),
	(60, 1, 'Đem tài liệu', 'DAILY', NULL, 'PENDING', '2025-03-24 08:43:27.682000', NULL, NULL, '2025-04-02 12:30:00.000000', '2025-04-02 11:30:00.000000', 'Cuộc họp hằng tuần', 206000, NULL, 8, NULL, NULL, NULL),
	(61, 1, 'Đem tài liệu', 'DAILY', NULL, 'PENDING', '2025-03-24 08:43:27.682000', NULL, NULL, '2025-04-03 12:30:00.000000', '2025-04-03 11:30:00.000000', 'Cuộc họp hằng tuần', 206000, NULL, 8, NULL, NULL, NULL),
	(62, 1, 'Đem tài liệu', 'DAILY', NULL, 'PENDING', '2025-03-24 08:43:27.682000', NULL, NULL, '2025-04-04 12:30:00.000000', '2025-04-04 11:30:00.000000', 'Cuộc họp hằng tuần', 206000, NULL, 8, NULL, NULL, NULL),
	(63, 1, 'Đem tài liệu', 'DAILY', NULL, 'PENDING', '2025-03-24 08:43:27.682000', NULL, NULL, '2025-04-05 12:30:00.000000', '2025-04-05 11:30:00.000000', 'Cuộc họp hằng tuần', 206000, NULL, 8, NULL, NULL, NULL),
	(64, 1, 'Rất bổ ích', 'ONE_TIME', NULL, 'PENDING', '2025-03-26 12:26:18.964000', NULL, NULL, '2025-03-28 10:00:00.000000', '2025-03-28 09:30:00.000000', 'Định hướng tương lai', 303000, NULL, 8, NULL, NULL, NULL),
	(65, 1, 'Đem tài liệu', 'ONE_TIME', NULL, 'PENDING', '2025-03-26 14:15:37.632000', NULL, NULL, '2025-03-27 10:30:00.000000', '2025-03-27 09:00:00.000000', 'Phát triển ứng dụng', 3000, NULL, 3, NULL, NULL, NULL),
	(66, 1, 'Cuộc họp quan trọng', 'ONE_TIME', NULL, 'PENDING', '2025-03-26 15:02:45.130000', NULL, NULL, '2025-03-26 16:30:00.000000', '2025-03-26 16:00:00.000000', 'Bổ sung chiến lược', 103000, NULL, 10, NULL, NULL, NULL),
	(67, 1, 'Cuộc họp quan trọng', 'ONE_TIME', NULL, 'PENDING', '2025-03-26 15:07:47.985000', NULL, NULL, '2025-03-27 07:30:00.000000', '2025-03-27 07:00:00.000000', 'Huy động vốn', 103000, NULL, 9, NULL, NULL, NULL),
	(68, 1, 'Cuộc họp quan trọng', 'ONE_TIME', NULL, 'PENDING', '2025-03-26 15:13:54.173000', NULL, NULL, '2025-04-01 10:30:00.000000', '2025-04-01 10:00:00.000000', 'Triển khai dự án', 103000, NULL, 10, NULL, NULL, NULL),
	(69, 1, 'Cuộc họp quan trọng', 'ONE_TIME', NULL, 'PENDING', '2025-03-26 15:19:13.781000', NULL, NULL, '2025-04-01 14:30:00.000000', '2025-04-01 14:00:00.000000', 'Chỉ tiêu bình quân', 103000, NULL, 10, NULL, NULL, NULL),
	(70, 1, '', 'ONE_TIME', NULL, 'PENDING', '2025-03-26 15:22:35.590000', NULL, NULL, '2025-03-31 09:30:00.000000', '2025-03-31 08:30:00.000000', 'Hỗ trợ khó khăn', 6000, NULL, 3, NULL, NULL, NULL),
	(71, 1, 'Cuộc họp quan trọng', 'ONE_TIME', NULL, 'PENDING', '2025-03-26 15:45:41.631000', NULL, NULL, '2025-04-01 14:30:00.000000', '2025-04-01 13:30:00.000000', 'Dự án khởi nghiệp', 106000, NULL, 3, NULL, NULL, NULL),
	(72, 1, '', 'ONE_TIME', NULL, 'PENDING', '2025-03-26 15:48:44.346000', NULL, NULL, '2025-04-01 08:30:00.000000', '2025-04-01 08:00:00.000000', 'Dự án Ủng hộ người nghèo', 3000, NULL, 3, NULL, NULL, NULL),
	(73, 1, '', 'ONE_TIME', NULL, 'PENDING', '2025-03-26 15:53:09.853000', NULL, NULL, '2025-04-02 09:00:00.000000', '2025-04-02 08:30:00.000000', 'Đánh giá năng lực', 3000, NULL, 7, NULL, NULL, NULL);

-- Dumping structure for table ql_datphong.reservation_employee
CREATE TABLE IF NOT EXISTS `reservation_employee` (
  `reservation_id` bigint(20) NOT NULL,
  `employee_id` bigint(20) NOT NULL,
  KEY `FKmc5vf42lypo9yrgftkonn2bvh` (`employee_id`),
  KEY `FKjy9lleglu0rdpbehgboh1p3r4` (`reservation_id`),
  CONSTRAINT `FKjy9lleglu0rdpbehgboh1p3r4` FOREIGN KEY (`reservation_id`) REFERENCES `reservation` (`reservation_id`),
  CONSTRAINT `FKmc5vf42lypo9yrgftkonn2bvh` FOREIGN KEY (`employee_id`) REFERENCES `employee` (`employee_id`)
) ENGINE=InnoDB DEFAULT CHARSET=utf8mb4 COLLATE=utf8mb4_unicode_ci;

-- Dumping data for table ql_datphong.reservation_employee: ~137 rows (approximately)
INSERT INTO `reservation_employee` (`reservation_id`, `employee_id`) VALUES
	(1, 1),
	(4, 11),
	(2, 3),
	(2, 2),
	(2, 11),
	(3, 3),
	(3, 9),
	(3, 1),
	(1, 11),
	(4, 3),
	(5, 1),
	(5, 12),
	(5, 6),
	(1, 6),
	(16, 4),
	(16, 2),
	(16, 1),
	(17, 1),
	(17, 2),
	(17, 3),
	(18, 1),
	(18, 2),
	(18, 3),
	(19, 4),
	(19, 2),
	(19, 1),
	(20, 1),
	(20, 19),
	(21, 1),
	(21, 1),
	(22, 1),
	(23, 1),
	(24, 1),
	(25, 1),
	(26, 10),
	(26, 1),
	(27, 1),
	(27, 3),
	(28, 1),
	(28, 4),
	(29, 1),
	(30, 3),
	(30, 1),
	(31, 1),
	(32, 1),
	(33, 1),
	(34, 1),
	(35, 1),
	(36, 4),
	(36, 2),
	(36, 1),
	(37, 1),
	(37, 2),
	(37, 3),
	(38, 1),
	(38, 2),
	(38, 3),
	(39, 4),
	(39, 2),
	(39, 1),
	(40, 1),
	(40, 2),
	(40, 3),
	(42, 1),
	(43, 3),
	(44, 3),
	(45, 1),
	(46, 4),
	(46, 1),
	(46, 2),
	(47, 5),
	(49, 4),
	(49, 12),
	(50, 4),
	(50, 12),
	(51, 4),
	(51, 12),
	(52, 4),
	(52, 12),
	(53, 5),
	(53, 8),
	(53, 1),
	(41, 1),
	(41, 2),
	(54, 2),
	(54, 18),
	(55, 2),
	(55, 18),
	(56, 2),
	(56, 18),
	(57, 2),
	(57, 18),
	(58, 2),
	(58, 18),
	(59, 2),
	(59, 18),
	(60, 2),
	(60, 18),
	(61, 2),
	(61, 18),
	(62, 2),
	(62, 18),
	(63, 2),
	(63, 18),
	(64, 1),
	(64, 5),
	(64, 2),
	(64, 26),
	(64, 23),
	(65, 1),
	(65, 2),
	(64, 3),
	(47, 1),
	(42, 5),
	(45, 3),
	(66, 1),
	(66, 3),
	(67, 1),
	(67, 6),
	(68, 1),
	(68, 5),
	(68, 7),
	(69, 1),
	(69, 5),
	(70, 1),
	(70, 6),
	(71, 1),
	(71, 6),
	(71, 5),
	(72, 1),
	(72, 4),
	(73, 1),
	(73, 5),
	(48, 1),
	(48, 10),
	(48, 18),
	(48, 3);

-- Dumping structure for table ql_datphong.reservation_file_paths
CREATE TABLE IF NOT EXISTS `reservation_file_paths` (
  `reservation_reservation_id` bigint(20) NOT NULL,
  `file_paths` varchar(255) DEFAULT NULL,
  KEY `FKchwrit7lhcf142bui6a74ypv2` (`reservation_reservation_id`),
  CONSTRAINT `FKchwrit7lhcf142bui6a74ypv2` FOREIGN KEY (`reservation_reservation_id`) REFERENCES `reservation` (`reservation_id`)
) ENGINE=InnoDB DEFAULT CHARSET=latin1;

-- Dumping data for table ql_datphong.reservation_file_paths: ~52 rows (approximately)
INSERT INTO `reservation_file_paths` (`reservation_reservation_id`, `file_paths`) VALUES
	(16, 'file1'),
	(16, 'file2'),
	(17, 'file1'),
	(17, 'file2'),
	(18, 'file1'),
	(18, 'file2'),
	(19, 'file1'),
	(19, 'file2'),
	(20, 'C:\\fakepath\\Screenshot 2025-02-10 195409.png'),
	(21, 'C:\\fakepath\\Screenshot 2025-02-09 105805.png'),
	(22, 'C:\\fakepath\\Screenshot 2025-02-10 195409.png'),
	(23, 'C:\\fakepath\\Screenshot 2025-02-10 195409.png'),
	(24, 'C:\\fakepath\\Screenshot 2025-02-09 090926.png'),
	(25, 'C:\\fakepath\\Screenshot 2025-02-09 090926.png'),
	(26, 'C:\\fakepath\\Screenshot 2025-01-23 203418.png'),
	(27, 'C:\\fakepath\\Screenshot 2025-01-23 203418.png'),
	(28, 'C:\\fakepath\\Screenshot 2025-01-23 203418.png'),
	(29, 'C:\\fakepath\\Screenshot 2025-02-23 222946.png'),
	(30, 'C:\\fakepath\\Screenshot 2025-02-09 091803.png'),
	(31, 'C:\\fakepath\\Screenshot 2025-02-09 091803.png'),
	(32, 'C:\\fakepath\\Screenshot 2025-02-09 105805.png'),
	(33, 'C:\\fakepath\\Screenshot 2025-02-09 090926.png'),
	(34, 'C:\\fakepath\\Screenshot 2025-02-09 091803.png'),
	(35, 'C:\\fakepath\\Screenshot 2025-02-10 195409.png'),
	(36, 'file1'),
	(36, 'file2'),
	(37, 'file1'),
	(37, 'file2'),
	(38, 'file1'),
	(38, 'file2'),
	(39, 'file1'),
	(39, 'file2'),
	(40, 'file1'),
	(40, 'file2'),
	(41, 'file1'),
	(41, 'file2'),
	(42, 'C:\\fakepath\\Screenshot 2025-02-09 105805.png'),
	(43, 'C:\\fakepath\\Screenshot 2025-02-09 105805.png'),
	(44, 'C:\\fakepath\\Screenshot 2025-02-09 105805.png'),
	(45, 'C:\\fakepath\\Screenshot 2025-02-09 091803.png'),
	(54, 'C:\\fakepath\\Screenshot 2025-01-23 203418.png'),
	(55, 'C:\\fakepath\\Screenshot 2025-01-23 203418.png'),
	(56, 'C:\\fakepath\\Screenshot 2025-01-23 203418.png'),
	(57, 'C:\\fakepath\\Screenshot 2025-01-23 203418.png'),
	(58, 'C:\\fakepath\\Screenshot 2025-01-23 203418.png'),
	(59, 'C:\\fakepath\\Screenshot 2025-01-23 203418.png'),
	(60, 'C:\\fakepath\\Screenshot 2025-01-23 203418.png'),
	(61, 'C:\\fakepath\\Screenshot 2025-01-23 203418.png'),
	(62, 'C:\\fakepath\\Screenshot 2025-01-23 203418.png'),
	(63, 'C:\\fakepath\\Screenshot 2025-01-23 203418.png'),
	(64, 'C:\\fakepath\\Screenshot 2025-02-06 110840.png'),
	(66, 'C:\\fakepath\\dac-ta-usecase.docx');

-- Dumping structure for table ql_datphong.reservation_service
CREATE TABLE IF NOT EXISTS `reservation_service` (
  `reservation_id` bigint(20) NOT NULL,
  `service_id` bigint(20) NOT NULL,
  KEY `FKjpu82eqbnjxc7sp25jl349obu` (`service_id`),
  KEY `FKky2gr8jk9fw121e8rxogc8ccm` (`reservation_id`),
  CONSTRAINT `FKjpu82eqbnjxc7sp25jl349obu` FOREIGN KEY (`service_id`) REFERENCES `service` (`service_id`),
  CONSTRAINT `FKky2gr8jk9fw121e8rxogc8ccm` FOREIGN KEY (`reservation_id`) REFERENCES `reservation` (`reservation_id`)
) ENGINE=InnoDB DEFAULT CHARSET=latin1;

-- Dumping data for table ql_datphong.reservation_service: ~88 rows (approximately)
INSERT INTO `reservation_service` (`reservation_id`, `service_id`) VALUES
	(1, 1),
	(2, 3),
	(2, 1),
	(16, 1),
	(16, 2),
	(17, 1),
	(17, 2),
	(18, 1),
	(18, 2),
	(19, 1),
	(19, 2),
	(20, 2),
	(20, 7),
	(21, 5),
	(22, 3),
	(23, 3),
	(24, 3),
	(25, 3),
	(26, 7),
	(26, 9),
	(27, 7),
	(27, 9),
	(28, 7),
	(28, 9),
	(29, 1),
	(30, 3),
	(30, 5),
	(31, 3),
	(32, 3),
	(33, 2),
	(34, 2),
	(35, 4),
	(36, 1),
	(36, 2),
	(37, 1),
	(37, 2),
	(38, 1),
	(38, 2),
	(39, 1),
	(39, 2),
	(40, 1),
	(40, 2),
	(42, 2),
	(43, 2),
	(43, 4),
	(44, 3),
	(45, 3),
	(46, 2),
	(46, 1),
	(46, 3),
	(47, 3),
	(47, 5),
	(48, 5),
	(53, 7),
	(53, 2),
	(53, 1),
	(41, 1),
	(41, 2),
	(41, 4),
	(41, 7),
	(54, 2),
	(54, 4),
	(55, 2),
	(55, 4),
	(56, 2),
	(56, 4),
	(57, 2),
	(57, 4),
	(58, 2),
	(58, 4),
	(59, 2),
	(59, 4),
	(60, 2),
	(60, 4),
	(61, 2),
	(61, 4),
	(62, 2),
	(62, 4),
	(63, 2),
	(63, 4),
	(64, 3),
	(64, 5),
	(64, 8),
	(66, 2),
	(67, 4),
	(68, 3),
	(69, 2),
	(71, 4);

-- Dumping structure for table ql_datphong.room
CREATE TABLE IF NOT EXISTS `room` (
  `room_id` bigint(20) NOT NULL AUTO_INCREMENT,
  `capacity` int(11) NOT NULL,
  `room_name` varchar(255) COLLATE utf8mb4_unicode_ci DEFAULT NULL,
  `status_room` enum('AVAILABLE','MAINTAIN','ONGOING','REPAIR') COLLATE utf8mb4_unicode_ci DEFAULT NULL,
  `type_room` enum('CONFERENCEROOM','DEFAULT','VIP') COLLATE utf8mb4_unicode_ci DEFAULT NULL,
  `location_id` bigint(20) DEFAULT NULL,
  `approver_id` bigint(20) DEFAULT NULL,
  `price_room_id` bigint(20) DEFAULT NULL,
  PRIMARY KEY (`room_id`),
  UNIQUE KEY `UKoq0sctnpik6rw3nvkfggcv3j3` (`price_room_id`),
  KEY `FKj7m6our9ety1o5mxrmpgen6qp` (`approver_id`),
  KEY `UKfjnal9itsdgfdr3ow1ul532bt` (`location_id`) USING BTREE,
  CONSTRAINT `FKj7m6our9ety1o5mxrmpgen6qp` FOREIGN KEY (`approver_id`) REFERENCES `employee` (`employee_id`),
  CONSTRAINT `FKnkcejk04fn448gq9c6eai3bom` FOREIGN KEY (`price_room_id`) REFERENCES `price_room` (`price_room_id`),
  CONSTRAINT `FKrqejnp96gs9ldf7o6fciylxkt` FOREIGN KEY (`location_id`) REFERENCES `location` (`location_id`)
) ENGINE=InnoDB AUTO_INCREMENT=24 DEFAULT CHARSET=utf8mb4 COLLATE=utf8mb4_unicode_ci;

-- Dumping data for table ql_datphong.room: ~20 rows (approximately)
INSERT INTO `room` (`room_id`, `capacity`, `room_name`, `status_room`, `type_room`, `location_id`, `approver_id`, `price_room_id`) VALUES
	(1, 15, 'Maria', 'AVAILABLE', 'DEFAULT', 4, 1, 84),
	(2, 20, 'Vokkaa', 'AVAILABLE', 'DEFAULT', 6, 1, 85),
	(3, 10, 'Hazel', 'AVAILABLE', 'VIP', 7, 1, 89),
	(4, 20, 'Buffter', 'AVAILABLE', 'DEFAULT', 5, 1, 86),
	(7, 30, 'Phát triển', 'AVAILABLE', 'VIP', 8, 1, 87),
	(8, 10, 'Nội vụ', 'MAINTAIN', 'VIP', 9, 1, 88),
	(9, 10, 'Tài chính', 'AVAILABLE', 'VIP', 13, 2, 90),
	(10, 15, 'A3.02', 'AVAILABLE', 'VIP', 14, 2, 91),
	(11, 5, 'Matcha 1A', 'AVAILABLE', 'VIP', 15, NULL, 92),
	(12, 10, 'Visiusss', 'AVAILABLE', 'DEFAULT', 11, NULL, 93),
	(13, 10, 'Salabeto', 'AVAILABLE', 'VIP', 12, NULL, 94),
	(14, 25, 'Alaxender', 'AVAILABLE', 'VIP', 16, NULL, 95),
	(15, 20, 'Napolaon', 'AVAILABLE', 'VIP', 17, NULL, 96),
	(16, 40, 'Nankaasai', 'AVAILABLE', 'VIP', 18, NULL, 97),
	(17, 30, 'Naddascva', 'AVAILABLE', 'VIP', 19, NULL, 98),
	(18, 15, 'JoBatcap', 'AVAILABLE', 'VIP', 20, NULL, 99),
	(19, 4, 'A4.02', 'AVAILABLE', 'VIP', 2, NULL, 100),
	(21, 4, 'A4.02', 'AVAILABLE', 'VIP', 2, NULL, 101),
	(22, 30, 'A13', 'AVAILABLE', 'VIP', 1, NULL, 102),
	(23, 20, 'A07', 'MAINTAIN', 'DEFAULT', 24, NULL, 103);

-- Dumping structure for table ql_datphong.room_device
CREATE TABLE IF NOT EXISTS `room_device` (
  `quantity` int(11) NOT NULL,
  `room_id` bigint(20) NOT NULL,
  `device_id` bigint(20) NOT NULL,
  PRIMARY KEY (`device_id`,`room_id`),
  KEY `FK4v7vq2wyc0gehiyeqj4bnitkt` (`room_id`),
  CONSTRAINT `FK4v7vq2wyc0gehiyeqj4bnitkt` FOREIGN KEY (`room_id`) REFERENCES `room` (`room_id`),
  CONSTRAINT `FKi0ck9pu6eoan6rntpybydtp29` FOREIGN KEY (`device_id`) REFERENCES `device` (`device_id`)
) ENGINE=InnoDB DEFAULT CHARSET=latin1;

-- Dumping data for table ql_datphong.room_device: ~36 rows (approximately)
INSERT INTO `room_device` (`quantity`, `room_id`, `device_id`) VALUES
	(1, 1, 1),
	(1, 2, 1),
	(1, 3, 1),
	(1, 4, 1),
	(2, 7, 1),
	(2, 8, 1),
	(2, 10, 1),
	(2, 11, 1),
	(2, 12, 1),
	(2, 13, 1),
	(2, 14, 1),
	(2, 15, 1),
	(2, 16, 1),
	(2, 17, 1),
	(2, 18, 1),
	(3, 23, 1),
	(1, 1, 2),
	(2, 2, 2),
	(1, 3, 2),
	(1, 8, 2),
	(1, 22, 2),
	(2, 1, 3),
	(2, 2, 3),
	(1, 3, 3),
	(2, 21, 3),
	(1, 22, 3),
	(1, 23, 3),
	(1, 1, 6),
	(1, 1, 7),
	(1, 2, 7),
	(2, 3, 7),
	(2, 1, 8),
	(1, 7, 9),
	(1, 1, 11),
	(1, 1, 12),
	(1, 3, 12);

-- Dumping structure for table ql_datphong.room_imgs
CREATE TABLE IF NOT EXISTS `room_imgs` (
  `room_room_id` bigint(20) NOT NULL,
  `imgs` varchar(255) DEFAULT NULL,
  KEY `FKrnck0q2se0qpxlgrq4e17b3mi` (`room_room_id`),
  CONSTRAINT `FKrnck0q2se0qpxlgrq4e17b3mi` FOREIGN KEY (`room_room_id`) REFERENCES `room` (`room_id`)
) ENGINE=InnoDB DEFAULT CHARSET=latin1;

-- Dumping data for table ql_datphong.room_imgs: ~34 rows (approximately)
INSERT INTO `room_imgs` (`room_room_id`, `imgs`) VALUES
	(7, 'https://thietkenoithat.com/Portals/0/xNews/uploads/2022/10/20/thiet-ke-phong-hop(15).jpg'),
	(7, 'https://smartdecor.vn/wp-content/uploads/2023/12/mau-noi-that-phong-hop-dep-8.jpg'),
	(8, 'https://zodiac.com.vn/wp-content/uploads/2021/04/T5-Phong-hop-truc-tuyen-.png'),
	(8, 'https://smartdecor.vn/wp-content/uploads/2023/12/mau-noi-that-phong-hop-dep-8.jpg'),
	(1, 'https://smartdecor.vn/wp-content/uploads/2023/12/mau-noi-that-phong-hop-dep-8.jpg'),
	(9, 'https://anviethouse.vn/wp-content/uploads/2020/03/Thiet-ke-phong-hop-hien-dai-2-1.jpg'),
	(9, 'https://smartdecor.vn/wp-content/uploads/2023/12/mau-noi-that-phong-hop-dep-8.jpg'),
	(10, 'https://amidesign.vn/wp-content/uploads/2023/11/tieu-chuan-thiet-ke-phong-hop-3.jpg'),
	(10, 'https://smartdecor.vn/wp-content/uploads/2023/12/mau-noi-that-phong-hop-dep-8.jpg'),
	(11, 'https://thietkevanphong.pro/wp-content/uploads/2020/02/vtc-phong-hop-lon.jpg'),
	(11, 'https://smartdecor.vn/wp-content/uploads/2023/12/mau-noi-that-phong-hop-dep-8.jpg'),
	(12, 'https://anviethouse.vn/wp-content/uploads/2020/03/phong-hop-hien-dai-3.png'),
	(12, 'https://smartdecor.vn/wp-content/uploads/2023/12/mau-noi-that-phong-hop-dep-8.jpg'),
	(13, 'https://thietkevanphong.pro/wp-content/uploads/2020/10/tang-2-hl2-1200x7201-1.jpg'),
	(13, 'https://smartdecor.vn/wp-content/uploads/2023/12/mau-noi-that-phong-hop-dep-8.jpg'),
	(14, 'https://www.deco-crystal.com/wp-content/uploads/2021/11/thiet-ke-noi-that-phong-hop.jpg'),
	(14, 'https://smartdecor.vn/wp-content/uploads/2023/12/mau-noi-that-phong-hop-dep-8.jpg'),
	(15, 'https://ardeco.vn/hm_contents/uploads/mau-thiet-ke-phong-hop-dep-sang-trong-hien-dai_2.jpg'),
	(15, 'https://smartdecor.vn/wp-content/uploads/2023/12/mau-noi-that-phong-hop-dep-8.jpg'),
	(16, 'https://mychair.vn/wp-content/uploads/2023/10/setup-phong-hop-chu-u.jpg'),
	(16, 'https://smartdecor.vn/wp-content/uploads/2023/12/mau-noi-that-phong-hop-dep-8.jpg'),
	(17, 'https://decoxdesign.com/upload/images/thiet-ke-phong-hop-13-decox-design.jpg'),
	(17, 'https://smartdecor.vn/wp-content/uploads/2023/12/mau-noi-that-phong-hop-dep-8.jpg'),
	(18, 'https://cypresscom.vn/uploaded/setup-phong-hop-truc-tuyen-2.jpg'),
	(18, 'https://smartdecor.vn/wp-content/uploads/2023/12/mau-noi-that-phong-hop-dep-8.jpg'),
	(2, 'https://govi.vn/wp-content/uploads/2022/03/vi-tri-dat-phong-hop-quan-trong-nhu-the-nao.png'),
	(3, 'https://decoxdesign.com/upload/images/thiet-ke-phong-hop-02-decox-design.jpg'),
	(4, 'https://dplusvn.com/wp-content/uploads/2020/01/hinh-anh-phong-hop-dep-txd.jpg'),
	(19, 'https://www.lanha.vn/wp-content/uploads/2024/09/thiet-ke-phong-hop-20.jpg.webp'),
	(19, 'https://yealink.vn/wp-content/uploads/2022/07/FDS.jpg'),
	(21, 'https://gominhlong.com/wp-content/uploads/2020/08/xu_h%C6%B0%E1%BB%9Bng_ph%C3%B2ng_h%E1%BB%8Dp_v%C3%A1n_4x9_06.082020-scaled.jpg'),
	(21, 'https://dplusvn.com/wp-content/uploads/2020/01/tieu-chuan-dien-tich-phong-hop.jpg'),
	(22, 'https://phonghoinghi.com/storage/o9/op/o9opm6xmgflj4p06nn2rmkqyr5bb_trang-tri-phong-hop-bang-kinh-cuong-luc.jpg'),
	(23, 'https://swintower.com/files/news/cac-mo-hinh-phong-hop-cho-moi-kieu-cuoc-hop-7cfajwzz.jpg');

-- Dumping structure for table ql_datphong.service
CREATE TABLE IF NOT EXISTS `service` (
  `service_id` bigint(20) NOT NULL AUTO_INCREMENT,
  `description` varchar(255) COLLATE utf8mb4_unicode_ci DEFAULT NULL,
  `service_name` varchar(255) COLLATE utf8mb4_unicode_ci DEFAULT NULL,
  `price_service_id` bigint(20) DEFAULT NULL,
  PRIMARY KEY (`service_id`),
  UNIQUE KEY `UKtrrdkhl40spdu6wxtrmj05f9a` (`price_service_id`),
  CONSTRAINT `FK6end5gp5jwiexx8kp235u9eej` FOREIGN KEY (`price_service_id`) REFERENCES `price_service` (`price_service_id`)
) ENGINE=InnoDB AUTO_INCREMENT=17 DEFAULT CHARSET=utf8mb4 COLLATE=utf8mb4_unicode_ci;

-- Dumping data for table ql_datphong.service: ~15 rows (approximately)
INSERT INTO `service` (`service_id`, `description`, `service_name`, `price_service_id`) VALUES
	(1, 'Nước suối đóng chai', 'Nước suối', 51),
	(2, 'Cà phê pha máy', 'Cà phê', 52),
	(3, ' Nước uống ', 'Trà ô lông', 53),
	(4, 'Làm sạch, hương thơm dịu nhẹ', 'Xịt thơm phòng', 54),
	(5, 'Nhanh, gọn, sạch', 'Lau phòng', 55),
	(7, 'Hỗ trợ phiên dịch đa ngôn ngữ', 'Dịch vụ thông dịch', 56),
	(8, 'Đặt món ăn nhẹ cho cuộc họp dài', 'Đặt ăn trưa/tea break', 57),
	(9, 'Hỗ trợ tiếp khách trước khi vào họp', 'Điều phối đón tiếp khách mời', 58),
	(10, 'Kiểm tra âm thanh, máy chiếu, thiết bị', 'Hỗ trợ kỹ thuật', 59),
	(11, 'Trang trí phòng họp cho sự kiện nội bộ', 'Trang trí sự kiện nhẹ', 60),
	(12, 'In và chuẩn bị tài liệu cho người tham dự', 'In tài liệu họp', 61),
	(13, 'Truyền hình cuộc họp qua mạng nội bộ', 'Quay trực tiếp livestream', 62),
	(14, ' Bảng tên để bàn theo tên người tham dự', 'Gắn bảng tên người tham dự', 63),
	(15, ' tốt', 'Banh ', 64),
	(16, 'Hoa và trái cây tươi mua trong ngày', 'Hoa quả', 65);

-- Dumping structure for table ql_datphong.token
CREATE TABLE IF NOT EXISTS `token` (
  `token_id` bigint(20) NOT NULL AUTO_INCREMENT,
  `expired` bit(1) NOT NULL,
  `expiry_date` datetime(6) DEFAULT NULL,
  `revoked` bit(1) NOT NULL,
  `token` varchar(255) COLLATE utf8mb4_unicode_ci DEFAULT NULL,
  `token_type` varchar(255) COLLATE utf8mb4_unicode_ci DEFAULT NULL,
  `account_id` bigint(20) DEFAULT NULL,
  PRIMARY KEY (`token_id`),
  KEY `FKftkstvcfb74ogw02bo5261kno` (`account_id`),
  CONSTRAINT `FKftkstvcfb74ogw02bo5261kno` FOREIGN KEY (`account_id`) REFERENCES `account` (`account_id`)
) ENGINE=InnoDB DEFAULT CHARSET=utf8mb4 COLLATE=utf8mb4_unicode_ci;

-- Dumping data for table ql_datphong.token: ~0 rows (approximately)

/*!40103 SET TIME_ZONE=IFNULL(@OLD_TIME_ZONE, 'system') */;
/*!40101 SET SQL_MODE=IFNULL(@OLD_SQL_MODE, '') */;
/*!40014 SET FOREIGN_KEY_CHECKS=IFNULL(@OLD_FOREIGN_KEY_CHECKS, 1) */;
/*!40101 SET CHARACTER_SET_CLIENT=@OLD_CHARACTER_SET_CLIENT */;
/*!40111 SET SQL_NOTES=IFNULL(@OLD_SQL_NOTES, 1) */;
